dataset,N,seed,p_err,non_equivariance,reps,val_acc,val_aug_acc,training_time,epoch_time,convergence_epoch,last_loss,convergence_time
nwpu,20,1.0,0.0,3.0,1.0,0.49999999975,0.5999999997,222.18233156204224,3.7030388593673695,29.0,0.6865785845661497,
nwpu,20,1.0,0.0,3.0,2.0,0.49999999975,0.49999999975,228.6342248916626,3.810570414861043,16.0,0.6925178715104305,
nwpu,20,1.0,0.0,3.0,3.0,0.49999999975,0.49999999975,238.96053075790405,3.9826755126317344,16.0,0.6678243037699391,
nwpu,20,1.0,0.0,4.0,1.0,0.649999999675,0.649999999675,293.5794625282288,4.892991042137146,16.0,0.6976977696506551,
nwpu,20,1.0,0.0,4.0,2.0,0.549999999725,0.549999999725,306.71632385253906,5.111938730875651,16.0,0.6904593142395025,
nwpu,20,1.0,0.0,4.0,3.0,0.49999999975,0.49999999975,333.78296995162964,5.563049499193827,16.0,0.6745527925694847,
nwpu,40,1.0,0.0,3.0,1.0,0.5749999998562499,0.5749999998562499,431.8423674106598,7.197372790177663,31.0,0.6866068516445256,
nwpu,40,1.0,0.0,3.0,3.0,0.5499999998625,0.5749999998562499,440.5516841411591,7.342528069019318,17.0,0.6728984652267491,
nwpu,40,1.0,0.0,3.0,2.0,0.52499999986875,0.52499999986875,442.0071411132813,7.366785685221354,7.0,0.6922491506991684,
nwpu,40,1.0,0.0,4.0,1.0,0.5749999998562499,0.5749999998562499,554.4442753791809,9.240737922986348,24.0,0.6943491314105803,
nwpu,40,1.0,0.0,4.0,2.0,0.6499999998375,0.6499999998375,580.5251276493073,9.67541879415512,7.0,0.6887839589781184,
nwpu,40,1.0,0.0,4.0,3.0,0.5499999998625,0.5499999998625,588.2193007469177,9.803655012448628,31.0,0.6803331766811893,
nwpu,80,1.0,0.0,3.0,1.0,0.5249999999343751,0.54999999993125,674.7812919616699,11.246354866027833,18.0,0.6901462071271336,
nwpu,80,1.0,0.0,3.0,2.0,0.5999999999250001,0.574999999928125,781.4119262695312,13.023532104492189,11.0,0.6846172212698611,
nwpu,80,1.0,0.0,3.0,3.0,0.64999999991875,0.6624999999171876,824.8528723716736,13.747547872861226,18.0,0.6800628756626729,
nwpu,80,1.0,0.0,4.0,1.0,0.5249999999343751,0.5249999999343751,1000.1947638988496,16.669912731647493,18.0,0.6933438133326741,
nwpu,80,1.0,0.0,4.0,2.0,0.64999999991875,0.64999999991875,1167.5779993534088,19.45963332255681,11.0,0.6908713584274733,
nwpu,80,1.0,0.0,4.0,3.0,0.7624999999046875,0.7624999999046875,1240.7562577724457,20.679270962874096,11.0,0.6846145313122427,
nwpu,160,1.0,0.0,3.0,2.0,0.5687499999644531,0.649999999959375,1538.6173148155212,25.64362191359202,11.0,0.6857547807264884,
nwpu,160,1.0,0.0,3.0,1.0,0.5687499999644531,0.6062499999621094,1575.4425747394562,26.257376245657603,28.0,0.6891799008415546,
nwpu,160,1.0,0.0,3.0,3.0,0.49999999996875,0.5874999999632812,1738.5035800933838,28.975059668223064,30.0,0.6761991673285338,
nwpu,160,1.0,0.0,4.0,1.0,0.5937499999628906,0.5937499999628906,2002.622637271881,33.37704395453135,27.0,0.6935525410933946,
nwpu,160,1.0,0.0,4.0,2.0,0.6437499999597656,0.6437499999597656,2234.3481912612915,37.23913652102153,11.0,0.6901393538282118,
nwpu,160,1.0,0.0,4.0,3.0,0.6624999999585938,0.6624999999585938,2318.523969888687,38.64206616481145,28.0,0.6837211584617535,
nwpu,320,1.0,0.0,3.0,2.0,0.6299999999685,0.6499999999675,2949.889328479767,49.164822141329445,56.0,0.6858127397084496,
nwpu,320,1.0,0.0,3.0,3.0,0.60499999996975,0.6399999999679999,3118.721956729889,51.978699278831485,56.0,0.6800920665051601,
nwpu,320,1.0,0.0,3.0,1.0,0.5699999999715,0.5699999999715,3263.454418420792,54.39090697367986,19.0,0.6923497450135356,
nwpu,320,1.0,0.0,4.0,1.0,0.59999999997,0.59999999997,3941.816391944885,65.69693986574809,18.0,0.6900691270612602,
nwpu,20,2.0,0.0,3.0,1.0,0.49999999975,0.549999999725,164.6595401763916,2.7443256696065266,16.0,0.6872165461918837,
nwpu,320,1.0,0.0,4.0,2.0,0.6149999999692499,0.6149999999692499,4237.524639844894,70.62541066408157,28.0,0.6885612547182438,
nwpu,20,2.0,0.0,3.0,2.0,0.5999999997,0.49999999975,211.4293148517609,3.5238219141960143,16.0,0.6800392356094966,
nwpu,20,2.0,0.0,3.0,3.0,0.649999999675,0.5999999997,232.1944100856781,3.8699068347613017,16.0,0.6712970497827979,
nwpu,20,2.0,0.0,4.0,1.0,0.549999999725,0.549999999725,270.32226157188416,4.505371026198069,16.0,0.6941849120960686,
nwpu,320,1.0,0.0,4.0,3.0,0.659999999967,0.659999999967,4619.476468086243,76.99127446810404,28.0,0.6812386852289934,
nwpu,20,2.0,0.0,4.0,2.0,0.549999999725,0.549999999725,302.30768513679504,5.038461418946584,16.0,0.6915043904900099,
nwpu,20,2.0,0.0,4.0,3.0,0.49999999975,0.49999999975,300.05696868896484,5.000949478149414,16.0,0.6841612603819869,
nwpu,40,2.0,0.0,3.0,1.0,0.5499999998625,0.5499999998625,418.4549489021301,6.974249148368836,17.0,0.6829633621654179,
nwpu,40,2.0,0.0,3.0,2.0,0.5499999998625,0.5499999998625,416.42104721069336,6.940350786844889,11.0,0.6868219993781602,
nwpu,40,2.0,0.0,3.0,3.0,0.5499999998625,0.52499999986875,428.0443027019501,7.134071711699168,17.0,0.6698628698104854,
nwpu,40,2.0,0.0,4.0,1.0,0.499999999875,0.499999999875,549.4396281242371,9.157327135403952,17.0,0.6922608767209318,
nwpu,40,2.0,0.0,4.0,2.0,0.499999999875,0.499999999875,562.2351839542389,9.370586399237316,11.0,0.6901473639670199,
nwpu,640,1.0,0.0,3.0,3.0,0.6099999999694999,0.6299999999685,5817.90217924118,96.96503632068634,23.0,0.6805064034355646,
nwpu,640,1.0,0.0,3.0,1.0,0.58499999997075,0.6299999999685,5870.801596164703,97.84669326941172,59.0,0.6890464192521197,
nwpu,40,2.0,0.0,4.0,3.0,0.59999999985,0.59999999985,594.4308273792267,9.907180456320445,43.0,0.6773908088897953,
nwpu,80,2.0,0.0,3.0,1.0,0.624999999921875,0.624999999921875,700.2958862781525,11.671598104635876,18.0,0.6914323323100783,
nwpu,640,1.0,0.0,3.0,2.0,0.679999999966,0.69499999996525,6342.250825166702,105.70418041944504,58.0,0.6843415957582357,
nwpu,80,2.0,0.0,3.0,2.0,0.6624999999171876,0.624999999921875,752.5040304660797,12.541733841101328,11.0,0.6862346493340052,
nwpu,80,2.0,0.0,3.0,3.0,0.624999999921875,0.6749999999156251,725.2766118049622,12.087943530082702,18.0,0.6775218313085517,
nwpu,80,2.0,0.0,4.0,1.0,0.5874999999265625,0.5874999999265625,1161.4256870746613,19.357094784577686,18.0,0.6923053913443168,
nwpu,80,2.0,0.0,4.0,2.0,0.6874999999140625,0.6874999999140625,1135.8206844329834,18.930344740549724,11.0,0.6872284673785435,
nwpu,80,2.0,0.0,4.0,3.0,0.7499999999062501,0.7499999999062501,1156.9523284435272,19.28253880739212,5.0,0.687698281321394,
nwpu,160,2.0,0.0,3.0,2.0,0.5624999999648437,0.6437499999597656,1472.1984732151031,24.53664122025172,28.0,0.6874928813743061,
nwpu,160,2.0,0.0,3.0,3.0,0.5374999999664062,0.6124999999617187,1430.7030913829803,23.84505152304968,28.0,0.6799325906805419,
nwpu,160,2.0,0.0,3.0,1.0,0.5749999999640625,0.6124999999617187,1716.507239818573,28.608453996976216,28.0,0.6897596835658988,
nwpu,640,1.0,0.0,4.0,1.0,0.5899999999705,0.5899999999705,8300.064843654633,138.33441406091055,59.0,0.6870131873977126,
nwpu,640,1.0,0.0,4.0,2.0,0.6099999999694999,0.6099999999694999,8653.110001087189,144.2185000181198,58.0,0.6850316375386967,
nwpu,160,2.0,0.0,4.0,1.0,0.5812499999636719,0.5812499999636719,2036.320692539215,33.93867820898692,27.0,0.6920794939562261,
nwpu,160,2.0,0.0,4.0,2.0,0.718749999955078,0.718749999955078,2264.168509244919,37.73614182074865,11.0,0.6901050787732823,
nwpu,640,1.0,0.0,4.0,3.0,0.6149999999692499,0.6149999999692499,9470.233524799349,157.83722541332244,39.0,0.677724947918793,
nwpu,160,2.0,0.0,4.0,3.0,0.6562499999589844,0.6562499999589844,2291.595795869828,38.19326326449712,11.0,0.6871845215129515,
nwpu,320,2.0,0.0,3.0,1.0,0.59499999997025,0.5899999999705,2839.793934583664,47.32989890972773,18.0,0.6870605242037643,
nwpu,320,2.0,0.0,3.0,2.0,0.59999999997,0.62499999996875,2862.05419921875,47.7009033203125,28.0,0.6857678329730308,
nwpu,1280,1.0,0.0,3.0,3.0,0.6299999999685,0.6299999999685,10930.27991604805,182.17133193413417,41.0,0.6773886601868447,
nwpu,320,2.0,0.0,3.0,3.0,0.5799999999709999,0.5699999999715,3029.689381837845,50.49482303063075,34.0,0.6827941667820226,
nwpu,1280,1.0,0.0,3.0,2.0,0.6699999999665,0.69499999996525,11245.72393155098,187.42873219251632,60.0,0.6835371843122107,
nwpu,1280,1.0,0.0,3.0,1.0,0.57499999997125,0.559999999972,11372.877180337906,189.54795300563177,25.0,0.6932060098590304,
nwpu,5120,1.0,0.0,3.0,1.0,0.4949999999752499,0.4449999999777499,11053.915253400804,184.23192089001336,60.0,0.6938711844227508,
nwpu,320,2.0,0.0,4.0,1.0,0.619999999969,0.619999999969,4278.992850065231,71.31654750108719,19.0,0.6877642488264688,
nwpu,2560,1.0,0.0,3.0,2.0,0.56499999997175,0.5499999999724999,11926.710134267809,198.7785022377968,60.0,0.6936744276624729,
nwpu,2560,1.0,0.0,3.0,3.0,0.6099999999694999,0.6099999999694999,11942.1688144207,199.03614690701167,59.0,0.6799260285638735,
nwpu,320,2.0,0.0,4.0,2.0,0.6099999999694999,0.6099999999694999,4097.622931003571,68.29371551672618,19.0,0.6872198259615718,
nwpu,320,2.0,0.0,4.0,3.0,0.63499999996825,0.63499999996825,4744.043064832687,79.06738441387812,28.0,0.6836409324193939,
nwpu,5120,1.0,0.0,3.0,3.0,0.6399999999679999,0.60499999996975,12131.278167247772,202.1879694541296,60.0,0.6832288320802338,
nwpu,2560,1.0,0.0,3.0,1.0,0.55499999997225,0.559999999972,13549.031253814695,225.8171875635783,50.0,0.6934208981138301,
nwpu,1280,1.0,0.0,4.0,1.0,0.6099999999694999,0.6099999999694999,13945.794579029083,232.42990965048472,60.0,0.6865734318834947,
nwpu,5120,1.0,0.0,3.0,2.0,0.52499999997375,0.48499999997575,12371.057542562485,206.1842923760414,60.0,0.6972934053680804,
nwpu,640,2.0,0.0,3.0,1.0,0.6399999999679999,0.66499999996675,5840.795530557632,97.34659217596054,60.0,0.6855034589660346,
nwpu,640,2.0,0.0,3.0,2.0,0.60499999996975,0.6399999999679999,5900.027364253998,98.3337894042333,50.0,0.6828476935518382,
nwpu,640,2.0,0.0,3.0,3.0,0.619999999969,0.6399999999679999,6074.345857858658,101.23909763097762,39.0,0.6830744576347432,
nwpu,2560,1.0,0.0,4.0,1.0,0.58499999997075,0.58499999997075,14976.412006139755,249.606866768996,58.0,0.6925720472278101,
nwpu,1280,1.0,0.0,4.0,2.0,0.6299999999685,0.6299999999685,16594.688902378082,276.57814837296803,60.0,0.685031158997867,
nwpu,1280,1.0,0.0,4.0,3.0,0.62499999996875,0.62499999996875,17035.480630874634,283.9246771812439,41.0,0.6767670049610961,
nwpu,5120,1.0,0.0,4.0,1.0,0.4799999999759999,0.4799999999759999,15089.83749628067,251.49729160467783,60.0,0.6932303347529816,
nwpu,20,3.0,0.0,3.0,1.0,0.549999999725,0.5999999997,263.2199845314026,4.386999742190043,16.0,0.6854010888487363,
nwpu,2560,1.0,0.0,4.0,3.0,0.63499999996825,0.63499999996825,16499.749915361404,274.99583192269006,59.0,0.6789552284819926,
nwpu,20,3.0,0.0,3.0,2.0,0.3999999998,0.49999999975,209.50620555877688,3.491770092646281,16.0,0.6859704127458133,
nwpu,20,3.0,0.0,3.0,3.0,0.49999999975,0.549999999725,269.62989497184753,4.493831582864126,16.0,0.6765493222668584,
nwpu,20,3.0,0.0,4.0,2.0,0.49999999975,0.49999999975,290.0938436985016,4.834897394975027,8.0,0.6889278450143846,
nwpu,20,3.0,0.0,4.0,1.0,0.549999999725,0.549999999725,490.1624782085418,8.169374636809032,16.0,0.6911713221193573,
nwpu,20,3.0,0.0,4.0,3.0,0.49999999975,0.49999999975,407.7681996822357,6.796136661370595,16.0,0.6811384465865014,
nwpu,40,3.0,0.0,3.0,1.0,0.52499999986875,0.5499999998625,413.3432703018189,6.889054505030314,17.0,0.6888271097606927,
nwpu,40,3.0,0.0,3.0,2.0,0.5749999998562499,0.5499999998625,543.299464225769,9.054991070429484,17.0,0.6878279958435918,
nwpu,640,2.0,0.0,4.0,1.0,0.63499999996825,0.63499999996825,8098.882923603058,134.98138206005098,59.0,0.6859581839931119,
nwpu,40,3.0,0.0,3.0,3.0,0.5749999998562499,0.5499999998625,486.26323223114014,8.104387203852335,7.0,0.6764761046864184,
nwpu,40,3.0,0.0,4.0,1.0,0.52499999986875,0.52499999986875,549.8220956325531,9.163701593875883,17.0,0.6928293870147504,
nwpu,40,3.0,0.0,4.0,3.0,0.5499999998625,0.5499999998625,645.6238777637482,10.760397962729137,17.0,0.6845651142077879,
nwpu,5120,1.0,0.0,4.0,2.0,0.499999999975,0.499999999975,16903.449978113174,281.7241663018862,60.0,0.6965312681934804,
nwpu,40,3.0,0.0,4.0,2.0,0.5499999998625,0.5499999998625,719.2571477890015,11.987619129816691,7.0,0.689124719924307,
nwpu,80,3.0,0.0,3.0,1.0,0.54999999993125,0.4999999999375,942.4865889549257,15.708109815915426,11.0,0.6906036578745663,
nwpu,2560,1.0,0.0,4.0,2.0,0.539999999973,0.539999999973,18686.342517375942,311.4390419562658,60.0,0.6928204401276392,
nwpu,5120,1.0,0.0,4.0,3.0,0.63499999996825,0.63499999996825,17148.25511431694,285.80425190528234,60.0,0.6834550241572329,
nwpu,80,3.0,0.0,3.0,2.0,0.6874999999140625,0.724999999909375,891.114504814148,14.851908413569133,11.0,0.6848515748121597,
nwpu,640,2.0,0.0,4.0,3.0,0.63499999996825,0.63499999996825,9300.242384195328,155.0040397365888,53.0,0.6772477602852859,
nwpu,80,3.0,0.0,3.0,3.0,0.5624999999296876,0.54999999993125,891.0289342403412,14.85048223733902,11.0,0.6844580202439181,
nwpu,80,3.0,0.0,4.0,1.0,0.6749999999156251,0.6749999999156251,1031.331279039383,17.18885465065638,11.0,0.693887477430392,
nwpu,640,2.0,0.0,4.0,2.0,0.6499999999675,0.6499999999675,9956.524677753448,165.94207796255748,16.0,0.6847199118030372,
nwpu,80,3.0,0.0,4.0,2.0,0.6749999999156251,0.6749999999156251,1436.3011598587036,23.93835266431173,5.0,0.6916257511704896,
nwpu,80,3.0,0.0,4.0,3.0,0.6374999999203126,0.6374999999203126,1549.0550258159635,25.817583763599394,5.0,0.6867018257713249,
nwpu,160,3.0,0.0,3.0,3.0,0.549999999965625,0.6374999999601563,1825.624713420868,30.427078557014465,28.0,0.6834838115741798,
nwpu,160,3.0,0.0,3.0,1.0,0.5312499999667969,0.5999999999625,2020.0889747142792,33.66814957857132,28.0,0.69095413263294,
nwpu,160,3.0,0.0,3.0,2.0,0.6062499999621094,0.5874999999632812,2197.659868001938,36.62766446669897,28.0,0.689246695594625,
nwpu,160,3.0,0.0,4.0,1.0,0.6249999999609375,0.6249999999609375,2053.9499337673187,34.23249889612198,28.0,0.6916937678620043,
nwpu,160,3.0,0.0,4.0,2.0,0.6749999999578125,0.6749999999578125,2351.72461605072,39.195410267512,11.0,0.6906574540898676,
nwpu,160,3.0,0.0,4.0,3.0,0.6437499999597656,0.6437499999597656,2371.911010503769,39.531850175062814,11.0,0.6875012230443418,
nwpu,1280,2.0,0.0,3.0,1.0,0.6299999999685,0.6499999999675,13509.826792001724,225.1637798666954,60.0,0.6841365276120713,
nwpu,2560,2.0,0.0,3.0,2.0,0.59999999997,0.58499999997075,11943.060309171677,199.05100515286128,60.0,0.6894668020349903,
nwpu,320,3.0,0.0,3.0,1.0,0.60499999996975,0.59999999997,3983.519902944565,66.39199838240941,56.0,0.6878207784676185,
nwpu,320,3.0,0.0,3.0,3.0,0.6299999999685,0.66499999996675,3911.9344103336334,65.19890683889389,19.0,0.6835612815404901,
nwpu,1280,2.0,0.0,3.0,3.0,0.6399999999679999,0.62499999996875,14026.57919716835,233.77631995280584,45.0,0.6823171047312779,
nwpu,320,3.0,0.0,3.0,2.0,0.6149999999692499,0.6449999999677499,4400.616460561752,73.34360767602921,19.0,0.6876969831967025,
nwpu,1280,2.0,0.0,3.0,2.0,0.6449999999677499,0.6299999999685,14474.70121192932,241.24502019882203,60.0,0.6836053735358175,
nwpu,320,3.0,0.0,4.0,1.0,0.6299999999685,0.6299999999685,4566.461355209351,76.10768925348917,28.0,0.6890898662590217,
nwpu,2560,2.0,0.0,3.0,1.0,0.56499999997175,0.57499999997125,14080.875713825226,234.6812618970871,60.0,0.691449986769954,
nwpu,320,3.0,0.0,4.0,3.0,0.6399999999679999,0.6399999999679999,5369.29744720459,89.48829078674316,19.0,0.6854178952956583,
nwpu,5120,2.0,0.0,3.0,1.0,0.539999999973,0.5699999999715,13643.672451257706,227.3945408542951,58.0,0.6928380311272424,
nwpu,320,3.0,0.0,4.0,2.0,0.68499999996575,0.68499999996575,6041.624938964844,100.6937489827474,19.0,0.6869362348103432,
nwpu,5120,2.0,0.0,3.0,2.0,0.60499999996975,0.58499999997075,13168.233979463575,219.47056632439296,40.0,0.6908171495539002,
nwpu,640,3.0,0.0,3.0,1.0,0.5899999999705,0.58499999997075,6166.387368440628,102.7731228073438,59.0,0.6880268001448892,
nwpu,640,3.0,0.0,3.0,2.0,0.619999999969,0.6499999999675,6557.254453659058,109.28757422765096,56.0,0.6829166209591018,
nwpu,5120,2.0,0.0,3.0,3.0,0.5899999999705,0.6149999999692499,14185.010208129885,236.4168368021647,60.0,0.6896200619481158,
nwpu,640,3.0,0.0,3.0,3.0,0.59999999997,0.6099999999694999,6495.258410692215,108.25430684487024,23.0,0.6777773618592218,
nwpu,1280,2.0,0.0,4.0,1.0,0.679999999966,0.679999999966,17596.626523256302,293.2771087209384,60.0,0.6855056149902439,
nwpu,1280,2.0,0.0,4.0,2.0,0.68499999996575,0.68499999996575,19847.02799248696,330.7837998747826,60.0,0.6826673521938655,
nwpu,2560,2.0,0.0,4.0,3.0,0.6149999999692499,0.6149999999692499,18956.845799684525,315.9474299947421,59.0,0.6828784550768849,
nwpu,1280,2.0,0.0,4.0,3.0,0.65499999996725,0.65499999996725,20576.39380121231,342.93989668687186,58.0,0.6769191630624947,
nwpu,2560,2.0,0.0,3.0,3.0,0.59499999997025,0.59499999997025,19493.64184999466,324.8940308332443,58.0,0.6842861521981755,
nwpu,20,4.0,0.0,3.0,1.0,0.549999999725,0.5999999997,362.5103480815888,6.041839134693146,16.0,0.6841224744475582,
nwpu,20,4.0,0.0,3.0,2.0,0.549999999725,0.549999999725,391.3569550514221,6.522615917523702,16.0,0.6778405853696979,
nwpu,20,4.0,0.0,3.0,3.0,0.49999999975,0.49999999975,382.90479803085327,6.381746633847555,16.0,0.6693060090771588,
nwpu,640,3.0,0.0,4.0,2.0,0.6699999999665,0.6699999999665,9734.002612113953,162.23337686856587,56.0,0.6847337490213217,
nwpu,20,4.0,0.0,4.0,2.0,0.649999999675,0.649999999675,292.7163510322571,4.878605850537618,16.0,0.6807314070635802,
nwpu,640,3.0,0.0,4.0,1.0,0.58499999997075,0.58499999997075,10264.88655591011,171.08144259850184,59.0,0.6875031548631056,
nwpu,5120,2.0,0.0,4.0,1.0,0.5799999999709999,0.5799999999709999,19145.70754146576,319.095125691096,58.0,0.692473278993558,
nwpu,20,4.0,0.0,4.0,1.0,0.5999999997,0.5999999997,522.6858472824097,8.711430788040161,16.0,0.6900796243078228,
nwpu,20,4.0,0.0,4.0,3.0,0.49999999975,0.49999999975,288.7046961784363,4.811744936307272,16.0,0.6815845766235862,
nwpu,640,3.0,0.0,4.0,3.0,0.6449999999677499,0.6449999999677499,10446.604835987093,174.11008059978485,58.0,0.6823065328491413,
nwpu,40,4.0,0.0,3.0,1.0,0.52499999986875,0.52499999986875,505.5568914413452,8.425948190689088,17.0,0.6884168939061505,
nwpu,40,4.0,0.0,3.0,2.0,0.59999999985,0.5499999998625,477.9941129684448,7.96656854947408,17.0,0.6822632120334136,
nwpu,5120,2.0,0.0,4.0,2.0,0.54499999997275,0.54499999997275,19379.308802604675,322.98848004341124,39.0,0.6903780662955927,
nwpu,40,4.0,0.0,4.0,1.0,0.59999999985,0.59999999985,526.6913192272186,8.778188653786977,17.0,0.6935319415981243,
nwpu,40,4.0,0.0,3.0,3.0,0.52499999986875,0.499999999875,780.5781302452087,13.009635504086813,35.0,0.6675991211652688,
nwpu,40,4.0,0.0,4.0,2.0,0.62499999984375,0.62499999984375,586.1897616386414,9.769829360644025,43.0,0.6815838013375538,
nwpu,40,4.0,0.0,4.0,3.0,0.62499999984375,0.62499999984375,715.1432414054871,11.919054023424785,7.0,0.679629596301879,
nwpu,80,4.0,0.0,3.0,1.0,0.5874999999265625,0.574999999928125,968.9430134296416,16.149050223827363,11.0,0.6916242556899524,
nwpu,80,4.0,0.0,3.0,3.0,0.5874999999265625,0.5624999999296876,771.1393396854401,12.852322328090668,11.0,0.6768868683922569,
nwpu,80,4.0,0.0,3.0,2.0,0.64999999991875,0.64999999991875,1071.286073923111,17.854767898718517,5.0,0.6868014859294697,
nwpu,80,4.0,0.0,4.0,2.0,0.7499999999062501,0.7499999999062501,1187.5768222808838,19.79294703801473,11.0,0.6846427570917727,
nwpu,80,4.0,0.0,4.0,3.0,0.7374999999078126,0.7374999999078126,1408.0661602020264,23.46776933670044,5.0,0.6853996407128938,
nwpu,80,4.0,0.0,4.0,1.0,0.5874999999265625,0.5874999999265625,2016.9841701984408,33.616402836640674,18.0,0.6936630677309801,
nwpu,2560,2.0,0.0,4.0,2.0,0.59999999997,0.59999999997,23821.32399868965,397.02206664482753,59.0,0.6888064436060409,
nwpu,160,4.0,0.0,3.0,2.0,0.6812499999574219,0.6624999999585938,1585.4142925739288,26.423571542898813,28.0,0.6839079588224214,
nwpu,160,4.0,0.0,3.0,1.0,0.5437499999660156,0.5937499999628906,1882.2284989357,31.37047498226166,28.0,0.6896828972862252,
nwpu,160,4.0,0.0,3.0,3.0,0.5374999999664062,0.6562499999589844,2273.021756887436,37.88369594812393,16.0,0.6766843604618575,
nwpu,160,4.0,0.0,4.0,1.0,0.5874999999632812,0.5874999999632812,2254.654308080673,37.57757180134456,22.0,0.6927395170494085,
nwpu,1280,3.0,0.0,3.0,2.0,0.65499999996725,0.679999999966,14041.259941101074,234.02099901835123,50.0,0.6848686305624793,
nwpu,2560,3.0,0.0,3.0,1.0,0.5499999999724999,0.58499999997075,12065.007938146591,201.0834656357765,60.0,0.6900076730193812,
nwpu,1280,3.0,0.0,3.0,1.0,0.6299999999685,0.63499999996825,14416.099483251572,240.2683247208596,60.0,0.6852470314445613,
nwpu,1280,3.0,0.0,3.0,3.0,0.62499999996875,0.6449999999677499,14664.672926664352,244.41121544440588,34.0,0.6805461304131064,
nwpu,160,4.0,0.0,4.0,2.0,0.7124999999554688,0.7124999999554688,2622.686180591584,43.71143634319306,28.0,0.6854504566956312,
nwpu,320,4.0,0.0,3.0,1.0,0.55499999997225,0.60499999996975,3307.844811916352,55.13074686527252,19.0,0.6872202342533886,
nwpu,320,4.0,0.0,3.0,2.0,0.659999999967,0.66499999996675,3341.1536858081818,55.6858947634697,34.0,0.6832699632431131,
nwpu,2560,3.0,0.0,3.0,2.0,0.559999999972,0.5699999999715,13755.167600154877,229.25279333591465,59.0,0.6892402290445748,
nwpu,5120,3.0,0.0,3.0,2.0,0.52499999997375,0.53499999997325,12301.09120941162,205.01818682352703,60.0,0.6924655972264124,
nwpu,2560,2.0,0.0,4.0,1.0,0.52499999997375,0.52499999997375,28036.77520942688,467.27958682378136,60.0,0.6915129684549564,
nwpu,5120,2.0,0.0,4.0,3.0,0.6099999999694999,0.6099999999694999,25355.51480126381,422.5919133543968,60.0,0.6875301171086556,
nwpu,160,4.0,0.0,4.0,3.0,0.6562499999589844,0.6562499999589844,4513.291460752487,75.22152434587478,30.0,0.6843820237685665,
nwpu,320,4.0,0.0,3.0,3.0,0.62499999996875,0.6499999999675,4442.486607551575,74.0414434591929,40.0,0.6794288170125354,
nwpu,5120,3.0,0.0,3.0,1.0,0.52499999997375,0.56499999997175,13546.825811862946,225.78043019771576,58.0,0.692419161631854,
nwpu,320,4.0,0.0,4.0,2.0,0.679999999966,0.679999999966,4825.030348062515,80.41717246770858,34.0,0.6829788601185036,
nwpu,2560,3.0,0.0,4.0,1.0,0.57499999997125,0.57499999997125,16795.777331352234,279.9296221892039,60.0,0.6909792824528651,
nwpu,320,4.0,0.0,4.0,1.0,0.58499999997075,0.58499999997075,6395.521755695343,106.59202926158903,19.0,0.69059240577447,
nwpu,320,4.0,0.0,4.0,3.0,0.66499999996675,0.66499999996675,5882.228013277054,98.03713355461755,49.0,0.6807138985182709,
nwpu,2560,3.0,0.0,3.0,3.0,0.60499999996975,0.6299999999685,17652.30732178688,294.20512202978136,59.0,0.6840328145764887,
nwpu,1280,3.0,0.0,4.0,1.0,0.6449999999677499,0.6449999999677499,20246.039920330048,337.43399867216743,50.0,0.6870414804560311,
nwpu,640,4.0,0.0,3.0,1.0,0.56499999997175,0.559999999972,6562.302651405335,109.37171085675556,16.0,0.6882500117909658,
nwpu,2560,3.0,0.0,4.0,2.0,0.6149999999692499,0.6149999999692499,17723.638423919678,295.3939737319946,59.0,0.6900659163735423,
nwpu,1280,3.0,0.0,4.0,2.0,0.69499999996525,0.69499999996525,19988.340571165085,333.1390095194181,50.0,0.6843957591794521,
nwpu,640,4.0,0.0,3.0,2.0,0.6449999999677499,0.6699999999665,7702.556738853455,128.3759456475576,49.0,0.6818769431007653,
nwpu,640,4.0,0.0,3.0,3.0,0.60499999996975,0.63499999996825,8791.63841342926,146.5273068904877,23.0,0.6777473819149931,
nwpu,5120,3.0,0.0,3.0,3.0,0.65499999996725,0.6449999999677499,19709.495646715164,328.4915941119194,60.0,0.6865983134053553,
nwpu,20,5.0,0.0,3.0,1.0,0.549999999725,0.49999999975,285.04503321647644,4.750750553607941,16.0,0.6776105811784141,
nwpu,640,4.0,0.0,4.0,1.0,0.559999999972,0.559999999972,10025.758244514464,167.09597074190776,16.0,0.6878162276637372,
nwpu,20,5.0,0.0,3.0,2.0,0.49999999975,0.5999999997,289.12405157089233,4.818734192848206,16.0,0.6762175163225816,
nwpu,20,5.0,0.0,3.0,3.0,0.49999999975,0.649999999675,245.5073566436768,4.0917892773946125,16.0,0.668342504763218,
nwpu,20,5.0,0.0,4.0,1.0,0.749999999625,0.749999999625,315.48207354545593,5.258034559090932,16.0,0.6958015205957409,
nwpu,20,5.0,0.0,4.0,2.0,0.649999999675,0.649999999675,325.6228823661804,5.4270480394363405,16.0,0.681186134474623,
nwpu,640,4.0,0.0,4.0,2.0,0.659999999967,0.659999999967,9708.050161600111,161.80083602666855,38.0,0.6819197410238529,
nwpu,5120,3.0,0.0,4.0,1.0,0.559999999972,0.559999999972,18619.09078359604,310.31817972660065,58.0,0.6927813118241117,
nwpu,20,5.0,0.0,4.0,3.0,0.549999999725,0.549999999725,289.0440671443939,4.817401119073232,16.0,0.6852301379592343,
nwpu,40,5.0,0.0,3.0,1.0,0.5499999998625,0.52499999986875,473.20661520957947,7.886776920159658,17.0,0.6841256306845289,
nwpu,40,5.0,0.0,3.0,2.0,0.59999999985,0.5749999998562499,391.6940133571625,6.528233555952708,17.0,0.6795582209318712,
nwpu,640,4.0,0.0,4.0,3.0,0.619999999969,0.619999999969,10046.981547117231,167.4496924519539,39.0,0.6776246291293123,
nwpu,40,5.0,0.0,3.0,3.0,0.5499999998625,0.5499999998625,501.8358795642853,8.363931326071421,17.0,0.672332050036194,
nwpu,40,5.0,0.0,4.0,1.0,0.62499999984375,0.62499999984375,517.7586619853973,8.629311033089955,17.0,0.6935048846656817,
nwpu,5120,3.0,0.0,4.0,2.0,0.5699999999715,0.5699999999715,18675.19194984436,311.25319916407267,60.0,0.6931353068293986,
nwpu,40,5.0,0.0,4.0,3.0,0.5499999998625,0.5499999998625,574.9556710720062,9.58259451786677,11.0,0.6829328690252048,
nwpu,40,5.0,0.0,4.0,2.0,0.62499999984375,0.62499999984375,661.9202003479004,11.032003339131672,7.0,0.681646907755194,
nwpu,80,5.0,0.0,3.0,1.0,0.5624999999296876,0.5624999999296876,755.8684208393097,12.597807013988495,11.0,0.6893676238390383,
nwpu,80,5.0,0.0,3.0,2.0,0.6374999999203126,0.624999999921875,937.5901494026184,15.62650249004364,11.0,0.6823690181117635,
nwpu,80,5.0,0.0,3.0,3.0,0.5999999999250001,0.5874999999265625,886.2803263664246,14.771338772773742,11.0,0.6764307211984052,
nwpu,80,5.0,0.0,4.0,1.0,0.54999999993125,0.54999999993125,1026.1271722316742,17.10211953719457,18.0,0.6927728437511415,
nwpu,1280,3.0,0.0,4.0,3.0,0.62499999996875,0.62499999996875,26263.43866443634,437.7239777406057,57.0,0.6777837223950172,
nwpu,80,5.0,0.0,4.0,2.0,0.7499999999062501,0.7499999999062501,1107.3755674362185,18.456259457270303,11.0,0.6848108833172232,
nwpu,80,5.0,0.0,4.0,3.0,0.6749999999156251,0.6749999999156251,1615.538808345795,26.925646805763243,11.0,0.6870331107711308,
nwpu,1280,4.0,0.0,3.0,2.0,0.65499999996725,0.66499999996675,12023.345779418943,200.38909632364908,50.0,0.6813584949118738,
nwpu,160,5.0,0.0,3.0,1.0,0.5812499999636719,0.6187499999613281,1579.0223605632782,26.317039342721305,28.0,0.6866244375276578,
nwpu,5120,3.0,0.0,4.0,3.0,0.63499999996825,0.63499999996825,20950.053626537323,349.16756044228873,60.0,0.6870760261160498,
nwpu,160,5.0,0.0,3.0,3.0,0.5312499999667969,0.6124999999617187,1728.2469515800476,28.80411585966746,11.0,0.6837737804223901,
nwpu,1280,4.0,0.0,3.0,1.0,0.5699999999715,0.5899999999705,13017.700100183489,216.96166833639143,60.0,0.6883704055887715,
nwpu,160,5.0,0.0,3.0,2.0,0.5937499999628906,0.6437499999597656,1981.607220172882,33.02678700288137,28.0,0.6840239256192893,
nwpu,2560,3.0,0.0,4.0,3.0,0.65499999996725,0.65499999996725,25243.472786664963,420.724546444416,59.0,0.6848752370618333,
nwpu,160,5.0,0.0,4.0,1.0,0.549999999965625,0.549999999965625,2073.4182498455048,34.55697083075841,22.0,0.6935970055623478,
nwpu,160,5.0,0.0,4.0,3.0,0.6374999999601563,0.6374999999601563,2473.4384186267853,41.22397364377976,11.0,0.6858413618374373,
nwpu,160,5.0,0.0,4.0,2.0,0.7124999999554688,0.7124999999554688,3315.864932775497,55.26441554625829,11.0,0.6854908293057209,
nwpu,2560,4.0,0.0,3.0,1.0,0.5699999999715,0.5799999999709999,13776.356713056564,229.60594521760945,60.0,0.6925541255416379,
nwpu,320,5.0,0.0,3.0,2.0,0.62499999996875,0.6499999999675,3080.1085348129272,51.33514224688212,47.0,0.6823564195419698,
nwpu,2560,4.0,0.0,3.0,3.0,0.58499999997075,0.6149999999692499,12204.171042203903,203.4028507033984,59.0,0.681151681973821,
nwpu,320,5.0,0.0,3.0,3.0,0.59499999997025,0.58499999997075,3439.9033629894257,57.331722716490425,28.0,0.6836563288951855,
nwpu,2560,4.0,0.0,3.0,2.0,0.6449999999677499,0.6149999999692499,13472.863286972046,224.5477214495341,60.0,0.6837163859946178,
nwpu,320,5.0,0.0,3.0,1.0,0.57499999997125,0.6099999999694999,4264.073276281357,71.06788793802261,19.0,0.6893386715435141,
nwpu,5120,4.0,0.0,3.0,3.0,0.62499999996875,0.62499999996875,12207.584909677504,203.4597484946251,60.0,0.6839724588337168,
nwpu,320,5.0,0.0,4.0,2.0,0.6699999999665,0.6699999999665,4733.6420776844025,78.89403462807337,56.0,0.6833939718986574,
nwpu,5120,4.0,0.0,3.0,2.0,0.6399999999679999,0.5899999999705,13120.686423540115,218.67810705900192,60.0,0.6886221059900756,
nwpu,320,5.0,0.0,4.0,1.0,0.5899999999705,0.5899999999705,5367.586161375046,89.45976935625076,19.0,0.691345698811861,
nwpu,1280,4.0,0.0,3.0,3.0,0.619999999969,0.6149999999692499,18092.1172478199,301.535287463665,41.0,0.6777128469887526,
nwpu,320,5.0,0.0,4.0,3.0,0.6499999999675,0.6499999999675,5519.700317621231,91.9950052936872,28.0,0.6846189629817643,
nwpu,640,5.0,0.0,3.0,3.0,0.59499999997025,0.6299999999685,6275.644324302673,104.59407207171122,56.0,0.6792736136807163,
nwpu,640,5.0,0.0,3.0,1.0,0.58499999997075,0.6299999999685,7687.936281442642,128.13227135737736,59.0,0.6861453419816572,
nwpu,5120,4.0,0.0,3.0,1.0,0.5699999999715,0.56499999997175,16275.143413066864,271.25239021778106,58.0,0.6935565992933335,
nwpu,1280,4.0,0.0,4.0,1.0,0.60499999996975,0.60499999996975,20247.32182765007,337.45536379416785,60.0,0.6873986582698759,
nwpu,640,5.0,0.0,3.0,2.0,0.6399999999679999,0.68499999996575,8844.927672863007,147.41546121438344,58.0,0.6818223208082477,
nwpu,1280,4.0,0.0,4.0,2.0,0.6749999999662499,0.6749999999662499,22289.848702430725,371.4974783738454,50.0,0.6815246365808278,
nwpu,640,5.0,0.0,4.0,1.0,0.57499999997125,0.57499999997125,9202.539898872375,153.37566498120626,16.0,0.6882524722707022,
nwpu,2560,4.0,0.0,4.0,3.0,0.6499999999675,0.6499999999675,21615.95851278305,360.26597521305087,59.0,0.6782906289044124,
nwpu,2560,4.0,0.0,4.0,1.0,0.56499999997175,0.56499999997175,21998.603915691376,366.64339859485625,60.0,0.6925784617207352,
nwpu,20,6.0,0.0,3.0,1.0,0.5999999997,0.49999999975,418.4961500167847,6.974935833613078,16.0,0.6778963067718382,
nwpu,20,6.0,0.0,3.0,2.0,0.449999999775,0.5999999997,305.0963559150696,5.08493926525116,16.0,0.6770902117681595,
nwpu,2560,4.0,0.0,4.0,2.0,0.6399999999679999,0.6399999999679999,22544.437697649,375.7406282941501,59.0,0.6835950622501629,
nwpu,20,6.0,0.0,3.0,3.0,0.49999999975,0.49999999975,426.02173590660095,7.100362265110016,16.0,0.6645042499557575,
nwpu,20,6.0,0.0,4.0,1.0,0.549999999725,0.549999999725,423.8811101913452,7.064685169855753,16.0,0.690581059110581,
nwpu,20,6.0,0.0,4.0,2.0,0.649999999675,0.649999999675,459.9736242294312,7.666227070490519,16.0,0.6831704285305233,
nwpu,640,5.0,0.0,4.0,3.0,0.6749999999662499,0.6749999999662499,11685.071093559263,194.7511848926544,56.0,0.678135935653581,
nwpu,40,6.0,0.0,3.0,1.0,0.5499999998625,0.5499999998625,550.2075588703156,9.170125981171926,17.0,0.6836768106897146,
nwpu,5120,4.0,0.0,4.0,2.0,0.63499999996825,0.63499999996825,21187.712882995605,353.12854804992674,60.0,0.6879688212814221,
nwpu,20,6.0,0.0,4.0,3.0,0.49999999975,0.49999999975,629.3627407550812,10.489379012584688,16.0,0.6749209293328735,
nwpu,640,5.0,0.0,4.0,2.0,0.66499999996675,0.66499999996675,12309.974264860151,205.1662377476692,58.0,0.6822362780464383,
nwpu,1280,4.0,0.0,4.0,3.0,0.62499999996875,0.62499999996875,26071.39870405197,434.5233117341995,41.0,0.6765539334558692,
nwpu,40,6.0,0.0,3.0,2.0,0.5749999998562499,0.5499999998625,624.3769638538361,10.406282730897267,17.0,0.6813636360849233,
nwpu,40,6.0,0.0,4.0,2.0,0.59999999985,0.59999999985,545.2099678516388,9.086832797527313,8.0,0.6835699580390989,
nwpu,40,6.0,0.0,4.0,1.0,0.5749999998562499,0.5749999998562499,627.5371794700623,10.458952991167704,17.0,0.6921890358386487,
nwpu,40,6.0,0.0,3.0,3.0,0.5499999998625,0.5499999998625,670.6495218276978,11.177492030461629,43.0,0.666298485231718,
nwpu,1280,5.0,0.0,3.0,2.0,0.66499999996675,0.6749999999662499,12208.524421453476,203.4754070242246,50.0,0.6811629110915323,
nwpu,40,6.0,0.0,4.0,3.0,0.5499999998625,0.5499999998625,869.0496771335602,14.484161285559336,7.0,0.6810255847658856,
nwpu,80,6.0,0.0,3.0,2.0,0.624999999921875,0.6374999999203126,942.709938764572,15.71183231274287,11.0,0.6867061632013246,
nwpu,80,6.0,0.0,3.0,1.0,0.5249999999343751,0.5374999999328125,1212.9200294017792,20.215333823362982,18.0,0.687922411475022,
nwpu,80,6.0,0.0,4.0,1.0,0.6624999999171876,0.6624999999171876,1040.1030287742617,17.335050479571024,11.0,0.6940398096170719,
nwpu,80,6.0,0.0,3.0,3.0,0.5874999999265625,0.6874999999140625,1253.5772354602814,20.892953924338023,11.0,0.682555343423401,
nwpu,80,6.0,0.0,4.0,2.0,0.6874999999140625,0.6874999999140625,1081.928483724594,18.0321413954099,11.0,0.6903321664662522,
nwpu,80,6.0,0.0,4.0,3.0,0.6749999999156251,0.6749999999156251,1356.969297170639,22.616154952843985,5.0,0.6835410391429968,
nwpu,5120,4.0,0.0,4.0,1.0,0.56499999997175,0.56499999997175,24668.2499666214,411.13749944369,58.0,0.6937564658266111,
nwpu,160,6.0,0.0,3.0,1.0,0.6249999999609375,0.6374999999601563,1928.476850271225,32.14128083785375,28.0,0.6869077419805362,
nwpu,160,6.0,0.0,3.0,2.0,0.5812499999636719,0.6624999999585938,1897.935401916504,31.6322566986084,28.0,0.6877347188758169,
nwpu,160,6.0,0.0,3.0,3.0,0.5437499999660156,0.6374999999601563,1838.5101075172424,30.641835125287376,30.0,0.678348203259033,
nwpu,1280,5.0,0.0,3.0,1.0,0.5799999999709999,0.62499999996875,14999.156968832016,249.9859494805336,60.0,0.6876350662650981,
nwpu,2560,5.0,0.0,3.0,1.0,0.5799999999709999,0.54499999997275,13073.64456486702,217.894076081117,43.0,0.6921891923687791,
nwpu,1280,5.0,0.0,3.0,3.0,0.6449999999677499,0.6399999999679999,14745.967421770096,245.76612369616825,52.0,0.6789582759482707,
nwpu,160,6.0,0.0,4.0,1.0,0.5749999999640625,0.5749999999640625,2470.0036132335663,41.166726887226105,22.0,0.6924895870252772,
nwpu,5120,4.0,0.0,4.0,3.0,0.6499999999675,0.6499999999675,23681.50254869461,394.6917091449102,60.0,0.683410487010347,
nwpu,2560,5.0,0.0,3.0,2.0,0.58499999997075,0.5899999999705,13269.21303319931,221.15355055332185,60.0,0.6882497293097045,
nwpu,160,6.0,0.0,4.0,2.0,0.6624999999585938,0.6624999999585938,2827.989930868149,47.13316551446915,11.0,0.6903949468896429,
nwpu,320,6.0,0.0,3.0,1.0,0.57499999997125,0.57499999997125,3019.25031542778,50.320838590463005,28.0,0.6859927058005535,
nwpu,160,6.0,0.0,4.0,3.0,0.649999999959375,0.649999999959375,3530.4991977214813,58.84165329535802,11.0,0.684498078184262,
nwpu,320,6.0,0.0,3.0,3.0,0.5799999999709999,0.63499999996825,3343.630624771118,55.72717707951863,19.0,0.6808139639880095,
nwpu,320,6.0,0.0,3.0,2.0,0.6399999999679999,0.659999999967,4761.557219743729,79.35928699572881,49.0,0.6833459222103196,
nwpu,5120,5.0,0.0,3.0,1.0,0.5699999999715,0.539999999973,13411.885867118835,223.53143111864725,53.0,0.6927514343998719,
nwpu,5120,5.0,0.0,3.0,3.0,0.6099999999694999,0.59999999997,13885.773530483246,231.42955884138743,60.0,0.6888960221551071,
nwpu,320,6.0,0.0,4.0,2.0,0.6399999999679999,0.6399999999679999,5098.504826545715,84.97508044242859,19.0,0.6884737163566972,
nwpu,5120,5.0,0.0,3.0,2.0,0.54499999997275,0.56499999997175,14505.619530677795,241.7603255112966,60.0,0.6940583310069421,
nwpu,320,6.0,0.0,4.0,1.0,0.59499999997025,0.59499999997025,5365.802709817886,89.43004516363143,19.0,0.689212236382881,
nwpu,320,6.0,0.0,4.0,3.0,0.659999999967,0.659999999967,5333.969394445419,88.89948990742366,19.0,0.6816483354355467,
nwpu,1280,5.0,0.0,4.0,3.0,0.66499999996675,0.66499999996675,18750.610173225403,312.5101695537567,56.0,0.6777343420925884,
nwpu,1280,5.0,0.0,4.0,1.0,0.619999999969,0.619999999969,19576.14592123032,326.26909868717195,17.0,0.6875059512398967,
nwpu,2560,5.0,0.0,3.0,3.0,0.6699999999665,0.6149999999692499,18909.96026110649,315.16600435177486,60.0,0.6849197225513604,
nwpu,640,6.0,0.0,3.0,2.0,0.6499999999675,0.6699999999665,6554.91369509697,109.2485615849495,49.0,0.6849740338218473,
nwpu,1280,5.0,0.0,4.0,2.0,0.66499999996675,0.66499999996675,21437.90622973442,357.2984371622404,58.0,0.6816033534946863,
nwpu,640,6.0,0.0,3.0,1.0,0.58499999997075,0.59999999997,8078.191309213638,134.6365218202273,16.0,0.6875233966004711,
nwpu,640,6.0,0.0,3.0,3.0,0.57499999997125,0.619999999969,8121.903736114502,135.36506226857503,23.0,0.6797659474505069,
nwpu,2560,5.0,0.0,4.0,1.0,0.5799999999709999,0.5799999999709999,21556.99382281304,359.2832303802172,33.0,0.6925276057662474,
nwpu,20,7.0,0.0,3.0,1.0,0.549999999725,0.49999999975,275.7588756084442,4.595981260140737,16.0,0.6770476170969315,
nwpu,20,7.0,0.0,3.0,2.0,0.549999999725,0.649999999675,335.2568609714508,5.58761434952418,16.0,0.6784342124646234,
nwpu,640,6.0,0.0,4.0,1.0,0.5699999999715,0.5699999999715,9660.463770389557,161.0077295064926,16.0,0.6876285856854761,
nwpu,2560,5.0,0.0,4.0,3.0,0.63499999996825,0.63499999996825,21171.43395757675,352.8572326262792,60.0,0.6839355805657931,
nwpu,20,7.0,0.0,3.0,3.0,0.49999999975,0.549999999725,338.97515392303467,5.649585898717245,16.0,0.6686931290859338,
nwpu,20,7.0,0.0,4.0,2.0,0.649999999675,0.649999999675,274.8670380115509,4.581117300192515,16.0,0.6845435782824536,
nwpu,20,7.0,0.0,4.0,1.0,0.49999999975,0.49999999975,371.02503728866577,6.183750621477762,16.0,0.694412604819229,
nwpu,2560,5.0,0.0,4.0,2.0,0.6299999999685,0.6299999999685,22645.14991044998,377.4191651741664,60.0,0.6878384811026156,
nwpu,5120,5.0,0.0,4.0,1.0,0.56499999997175,0.56499999997175,19266.65854501724,321.11097575028737,53.0,0.6929617298386367,
nwpu,40,7.0,0.0,3.0,1.0,0.5499999998625,0.52499999986875,383.9176425933838,6.398627376556396,17.0,0.6835051212986214,
nwpu,20,7.0,0.0,4.0,3.0,0.549999999725,0.549999999725,538.4533703327179,8.974222838878632,16.0,0.6826395245953563,
nwpu,40,7.0,0.0,4.0,1.0,0.499999999875,0.499999999875,547.0661976337433,9.117769960562388,17.0,0.6934484712536017,
nwpu,40,7.0,0.0,3.0,2.0,0.5499999998625,0.5499999998625,778.407753944397,12.973462565739949,7.0,0.6831119219741119,
nwpu,40,7.0,0.0,3.0,3.0,0.52499999986875,0.5499999998625,650.7835731506348,10.846392885843914,35.0,0.6709730289689144,
nwpu,40,7.0,0.0,4.0,2.0,0.5749999998562499,0.5749999998562499,556.7277588844299,9.278795981407166,7.0,0.6851273403839091,
nwpu,5120,5.0,0.0,4.0,3.0,0.59999999997,0.59999999997,19113.194702625275,318.5532450437546,60.0,0.6891987617753135,
nwpu,40,7.0,0.0,4.0,3.0,0.59999999985,0.59999999985,961.3821778297424,16.023036297162374,17.0,0.6852961359694993,
nwpu,5120,5.0,0.0,4.0,2.0,0.51499999997425,0.51499999997425,19498.86544680596,324.98109078009924,60.0,0.6933189174276432,
nwpu,80,7.0,0.0,3.0,1.0,0.54999999993125,0.5374999999328125,1185.8041706085205,19.76340284347534,18.0,0.6909632705778448,
nwpu,80,7.0,0.0,3.0,2.0,0.7124999999109376,0.724999999909375,1289.302114725113,21.48836857875188,5.0,0.685502486143255,
nwpu,80,7.0,0.0,4.0,1.0,0.6124999999234375,0.6124999999234375,1228.313060283661,20.471884338061013,11.0,0.6935780083266175,
nwpu,80,7.0,0.0,3.0,3.0,0.574999999928125,0.54999999993125,1360.1656322479248,22.66942720413208,11.0,0.6793272118911355,
nwpu,80,7.0,0.0,4.0,3.0,0.6874999999140625,0.6874999999140625,1548.061007976532,25.801016799608867,11.0,0.6873659288024002,
nwpu,80,7.0,0.0,4.0,2.0,0.7124999999109376,0.7124999999109376,1632.6537804603577,27.21089634100596,5.0,0.6879781054590467,
nwpu,160,7.0,0.0,3.0,1.0,0.5999999999625,0.6187499999613281,1688.0159180164335,28.133598633607228,16.0,0.6857372611332507,
nwpu,1280,6.0,0.0,3.0,2.0,0.6399999999679999,0.659999999967,12488.54652929306,208.14244215488435,60.0,0.6831573042017911,
nwpu,640,6.0,0.0,4.0,2.0,0.63499999996825,0.63499999996825,13303.388426542282,221.72314044237137,16.0,0.6853503751647676,
nwpu,1280,6.0,0.0,3.0,1.0,0.59499999997025,0.5899999999705,13089.65239095688,218.16087318261464,60.0,0.6864871257088994,
nwpu,640,6.0,0.0,4.0,3.0,0.619999999969,0.619999999969,14359.110237121582,239.3185039520264,16.0,0.6793676435841267,
nwpu,160,7.0,0.0,3.0,2.0,0.5874999999632812,0.6374999999601563,2565.9582822322845,42.76597137053808,11.0,0.6861330133247694,
nwpu,160,7.0,0.0,3.0,3.0,0.5312499999667969,0.6062499999621094,2505.3981232643127,41.75663538773855,30.0,0.6781054061227414,
nwpu,160,7.0,0.0,4.0,1.0,0.5624999999648437,0.5624999999648437,2543.9313549995422,42.39885591665904,28.0,0.6927684157653795,
nwpu,1280,6.0,0.0,3.0,3.0,0.6099999999694999,0.59499999997025,14093.683045625688,234.8947174270948,34.0,0.6797255022469144,
nwpu,160,7.0,0.0,4.0,2.0,0.6937499999566406,0.6937499999566406,3167.8598532676697,52.79766422112783,11.0,0.6881911342905986,
nwpu,160,7.0,0.0,4.0,3.0,0.6062499999621094,0.6062499999621094,3073.7722492218018,51.22953748703003,11.0,0.6872268384265536,
nwpu,320,7.0,0.0,3.0,1.0,0.59999999997,0.59499999997025,3466.718576192856,57.7786429365476,19.0,0.6866130959773072,
nwpu,320,7.0,0.0,3.0,3.0,0.5199999999739999,0.5799999999709999,3314.712417125702,55.24520695209503,47.0,0.679130433180567,
nwpu,2560,6.0,0.0,3.0,1.0,0.55499999997225,0.55499999997225,14954.404393434525,249.24007322390875,60.0,0.6927494269154358,
nwpu,320,7.0,0.0,3.0,2.0,0.6149999999692499,0.6149999999692499,5298.663604974747,88.31106008291245,19.0,0.6866760086798658,
nwpu,320,7.0,0.0,4.0,1.0,0.59999999997,0.59999999997,5249.005301952362,87.48342169920603,19.0,0.6882179820322498,
nwpu,2560,6.0,0.0,3.0,3.0,0.59499999997025,0.58499999997075,14787.126951217651,246.4521158536276,50.0,0.679446008676589,
nwpu,320,7.0,0.0,4.0,2.0,0.6699999999665,0.6699999999665,5612.029156208038,93.53381927013398,49.0,0.6866153782391556,
nwpu,2560,6.0,0.0,3.0,2.0,0.62499999996875,0.60499999996975,16215.642706155775,270.26071176926297,59.0,0.6881376902205026,
nwpu,1280,6.0,0.0,4.0,1.0,0.619999999969,0.619999999969,19757.00170302391,329.2833617170652,60.0,0.6869260001920041,
nwpu,320,7.0,0.0,4.0,3.0,0.65499999996725,0.65499999996725,7165.964811563492,119.43274685939151,19.0,0.6849832862401528,
nwpu,5120,6.0,0.0,3.0,3.0,0.58499999997075,0.6099999999694999,15876.112136363983,264.6018689393997,58.0,0.68095988630681,
nwpu,640,7.0,0.0,3.0,3.0,0.56499999997175,0.6299999999685,7343.7278089523315,122.39546348253886,39.0,0.6807816398037396,
nwpu,5120,6.0,0.0,3.0,1.0,0.5499999999724999,0.57499999997125,18116.764592170715,301.94607653617857,50.0,0.6939553102594405,
nwpu,640,7.0,0.0,3.0,1.0,0.60499999996975,0.62499999996875,8342.307555913925,139.0384592652321,16.0,0.6851002687108758,
nwpu,640,7.0,0.0,3.0,2.0,0.6499999999675,0.65499999996725,8872.291984319687,147.87153307199478,47.0,0.6851685893428556,
nwpu,5120,6.0,0.0,3.0,2.0,0.59999999997,0.6149999999692499,17902.430879592896,298.3738479932149,60.0,0.6906557826143567,
nwpu,2560,6.0,0.0,4.0,1.0,0.5699999999715,0.5699999999715,21679.08322954178,361.3180538256963,60.0,0.6920087699037741,
nwpu,1280,6.0,0.0,4.0,2.0,0.68499999996575,0.68499999996575,23366.42960500717,389.4404934167862,60.0,0.6843118375880117,
nwpu,1280,6.0,0.0,4.0,3.0,0.62499999996875,0.62499999996875,24288.38399767876,404.8063999613126,23.0,0.6768413289331617,
nwpu,640,7.0,0.0,4.0,1.0,0.5799999999709999,0.5799999999709999,11881.643090486526,198.0273848414421,59.0,0.6862622576844752,
nwpu,20,8.0,0.0,3.0,1.0,0.549999999725,0.49999999975,271.6999092102051,4.528331820170084,29.0,0.6792029502572079,
nwpu,20,8.0,0.0,3.0,2.0,0.49999999975,0.549999999725,253.4677574634552,4.22446262439092,16.0,0.6842519178545522,
nwpu,20,8.0,0.0,3.0,3.0,0.549999999725,0.5999999997,241.33626008033752,4.022271001338959,16.0,0.6787186368886527,
nwpu,2560,6.0,0.0,4.0,2.0,0.6299999999685,0.6299999999685,23412.15077066421,390.2025128444036,60.0,0.6882872660897437,
nwpu,20,8.0,0.0,4.0,1.0,0.49999999975,0.49999999975,454.05359625816345,7.567559937636058,16.0,0.6969827892871667,
nwpu,20,8.0,0.0,4.0,2.0,0.5999999997,0.5999999997,348.90238332748413,5.815039722124736,16.0,0.6904117765550856,
nwpu,640,7.0,0.0,4.0,2.0,0.6449999999677499,0.6449999999677499,12797.441754341124,213.29069590568545,47.0,0.6847957909000209,
nwpu,20,8.0,0.0,4.0,3.0,0.49999999975,0.49999999975,551.048671245575,9.184144520759585,16.0,0.6813792320659267,
nwpu,40,8.0,0.0,3.0,1.0,0.5749999998562499,0.52499999986875,421.7819287776947,7.029698812961579,43.0,0.6867674039077454,
nwpu,40,8.0,0.0,3.0,2.0,0.5499999998625,0.5499999998625,577.991067647934,9.6331844607989,17.0,0.6833330707033809,
nwpu,40,8.0,0.0,3.0,3.0,0.5499999998625,0.52499999986875,567.1090412139893,9.451817353566488,17.0,0.6709069816581017,
nwpu,40,8.0,0.0,4.0,1.0,0.52499999986875,0.52499999986875,793.8190231323242,13.230317052205404,17.0,0.6947349582365794,
nwpu,40,8.0,0.0,4.0,2.0,0.59999999985,0.59999999985,965.7174906730652,16.095291511217752,8.0,0.6851285062507607,
nwpu,40,8.0,0.0,4.0,3.0,0.6499999998375,0.6499999998375,886.7775824069977,14.77962637344996,17.0,0.6765261600710417,
nwpu,80,8.0,0.0,3.0,1.0,0.6374999999203126,0.6874999999140625,833.0789122581482,13.884648537635805,18.0,0.6887712740037168,
nwpu,640,7.0,0.0,4.0,3.0,0.63499999996825,0.63499999996825,13824.5980052948,230.4099667549133,56.0,0.6775759571684824,
nwpu,5120,6.0,0.0,4.0,3.0,0.619999999969,0.619999999969,22583.040635824203,376.3840105970701,58.0,0.6803192713203958,
nwpu,5120,6.0,0.0,4.0,2.0,0.59999999997,0.59999999997,22871.114065647125,381.1852344274521,58.0,0.6900343011957523,
nwpu,80,8.0,0.0,3.0,2.0,0.5999999999250001,0.5999999999250001,1055.8411927223206,17.597353212038676,11.0,0.6892048727604528,
nwpu,5120,6.0,0.0,4.0,1.0,0.5499999999724999,0.5499999999724999,23608.755740642548,393.47926234404247,58.0,0.693227897161429,
nwpu,80,8.0,0.0,3.0,3.0,0.574999999928125,0.6749999999156251,1042.7516536712646,17.37919422785441,11.0,0.6743456589332697,
nwpu,1280,7.0,0.0,3.0,1.0,0.6449999999677499,0.659999999967,14429.727469682692,240.4954578280449,60.0,0.6847719053370314,
nwpu,80,8.0,0.0,4.0,2.0,0.64999999991875,0.64999999991875,1384.6595785617828,23.077659642696386,11.0,0.6877493511770776,
nwpu,80,8.0,0.0,4.0,1.0,0.724999999909375,0.724999999909375,1577.2239108085632,26.28706518014272,18.0,0.694906212600629,
nwpu,80,8.0,0.0,4.0,3.0,0.7499999999062501,0.7499999999062501,1757.0797832012177,29.28466305335363,11.0,0.682613328013924,
nwpu,1280,7.0,0.0,3.0,2.0,0.659999999967,0.6749999999662499,15205.421837806702,253.4236972967784,52.0,0.6846576634191044,
nwpu,160,8.0,0.0,3.0,2.0,0.6062499999621094,0.6812499999574219,1798.7933547496796,29.979889245827994,28.0,0.6857506686020456,
nwpu,2560,6.0,0.0,4.0,3.0,0.6149999999692499,0.6149999999692499,27661.80001235008,461.0300002058347,50.0,0.6787712113800706,
nwpu,160,8.0,0.0,3.0,3.0,0.5749999999640625,0.6374999999601563,2378.3589210510254,39.63931535085042,30.0,0.6753050118262702,
nwpu,160,8.0,0.0,3.0,1.0,0.5562499999652344,0.5812499999636719,2676.7814214229584,44.61302369038264,41.0,0.6893580221698973,
nwpu,2560,7.0,0.0,3.0,1.0,0.57499999997125,0.5699999999715,14393.136675834656,239.88561126391093,60.0,0.6925293604475169,
nwpu,160,8.0,0.0,4.0,1.0,0.6062499999621094,0.6062499999621094,3360.3403012752533,56.00567168792089,27.0,0.6939354645772191,
nwpu,160,8.0,0.0,4.0,2.0,0.6312499999605469,0.6312499999605469,3160.0544357299805,52.66757392883301,11.0,0.6920619582697344,
nwpu,160,8.0,0.0,4.0,3.0,0.7124999999554688,0.7124999999554688,3008.5700681209564,50.14283446868261,28.0,0.6827756696512733,
nwpu,1280,7.0,0.0,3.0,3.0,0.6149999999692499,0.619999999969,15720.732804775238,262.01221341292063,34.0,0.6783259263776837,
nwpu,320,8.0,0.0,3.0,1.0,0.62499999996875,0.63499999996825,4187.1976001262665,69.7866266687711,56.0,0.6890275603317471,
nwpu,320,8.0,0.0,3.0,2.0,0.6499999999675,0.6499999999675,4870.683360338211,81.17805600563685,19.0,0.6843631487870928,
nwpu,320,8.0,0.0,3.0,3.0,0.6149999999692499,0.6099999999694999,4517.822239160538,75.2970373193423,34.0,0.6803009933020666,
nwpu,320,8.0,0.0,4.0,1.0,0.68499999996575,0.68499999996575,4971.369010210037,82.85615017016728,56.0,0.6879646372580116,
nwpu,2560,7.0,0.0,3.0,2.0,0.6099999999694999,0.6149999999692499,16683.32337284088,278.055389547348,60.0,0.6876359031937835,
nwpu,320,8.0,0.0,4.0,2.0,0.619999999969,0.619999999969,5486.46037364006,91.44100622733434,19.0,0.6863735782885637,
nwpu,5120,7.0,0.0,3.0,2.0,0.559999999972,0.5699999999715,15884.09650158882,264.73494169314705,59.0,0.691425047232906,
nwpu,320,8.0,0.0,4.0,3.0,0.699999999965,0.699999999965,7590.71643614769,126.5119406024615,34.0,0.6804537796761541,
nwpu,640,8.0,0.0,3.0,3.0,0.63499999996825,0.6449999999677499,7115.786523103714,118.59644205172856,39.0,0.6788429421080379,
nwpu,5120,7.0,0.0,3.0,1.0,0.5699999999715,0.59499999997025,18063.11167502404,301.0518612504005,58.0,0.6935267425320369,
nwpu,2560,7.0,0.0,3.0,3.0,0.58499999997075,0.59999999997,19794.19565558433,329.9032609264056,59.0,0.6833308598938264,
nwpu,640,8.0,0.0,3.0,2.0,0.62499999996875,0.59499999997025,8470.050923585892,141.1675153930982,23.0,0.6859819108140572,
nwpu,1280,7.0,0.0,4.0,2.0,0.66499999996675,0.66499999996675,22911.98086977005,381.86634782950085,60.0,0.6844194893779941,
nwpu,5120,7.0,0.0,3.0,3.0,0.59499999997025,0.60499999996975,18785.93611884117,313.0989353140195,60.0,0.6865169142824821,
nwpu,640,8.0,0.0,3.0,1.0,0.6149999999692499,0.6299999999685,9690.470086574554,161.50783477624256,56.0,0.6861600959193782,
nwpu,1280,7.0,0.0,4.0,1.0,0.6099999999694999,0.6099999999694999,24169.508612155914,402.8251435359319,60.0,0.6858835171006585,
nwpu,2560,7.0,0.0,4.0,1.0,0.5099999999745,0.5099999999745,21862.14722800255,364.3691204667092,60.0,0.6916493382396283,
nwpu,2560,7.0,0.0,4.0,2.0,0.63499999996825,0.63499999996825,21640.43834137917,360.6739723563194,60.0,0.687692729705802,
nwpu,20,9.0,0.0,3.0,1.0,0.49999999975,0.549999999725,338.5599219799042,5.6426653663317365,16.0,0.6955426123240808,
nwpu,20,9.0,0.0,3.0,2.0,0.549999999725,0.549999999725,241.97825050354004,4.032970841725668,16.0,0.67986757244449,
nwpu,20,9.0,0.0,3.0,3.0,0.5999999997,0.549999999725,230.23795223236084,3.8372992038726808,16.0,0.6742686351742639,
nwpu,640,8.0,0.0,4.0,1.0,0.619999999969,0.619999999969,10849.447793245316,180.82412988742192,56.0,0.6862941759717519,
nwpu,20,9.0,0.0,4.0,1.0,0.49999999975,0.49999999975,310.52456855773926,5.175409475962321,16.0,0.6968636235090664,
nwpu,1280,7.0,0.0,4.0,3.0,0.65499999996725,0.65499999996725,25909.06355953217,431.8177259922028,52.0,0.6760433914605072,
nwpu,20,9.0,0.0,4.0,2.0,0.5999999997,0.5999999997,327.14487075805664,5.452414512634277,8.0,0.6845298692141621,
nwpu,20,9.0,0.0,4.0,3.0,0.49999999975,0.49999999975,340.232684135437,5.670544735590616,16.0,0.6813677909543678,
nwpu,640,8.0,0.0,4.0,2.0,0.6099999999694999,0.6099999999694999,11328.143641471865,188.80239402453105,58.0,0.6841306614768898,
nwpu,40,9.0,0.0,3.0,1.0,0.5499999998625,0.499999999875,469.4752085208893,7.824586808681488,43.0,0.6866841666173837,
nwpu,40,9.0,0.0,3.0,2.0,0.5499999998625,0.5749999998562499,484.5290865898132,8.075484776496888,43.0,0.6833324686964688,
nwpu,40,9.0,0.0,3.0,3.0,0.5499999998625,0.52499999986875,455.6397547721863,7.593995912869771,24.0,0.6699159024471145,
nwpu,640,8.0,0.0,4.0,3.0,0.659999999967,0.659999999967,11700.430884122849,195.00718140204748,38.0,0.6771397483243045,
nwpu,40,9.0,0.0,4.0,1.0,0.52499999986875,0.52499999986875,570.1506817340851,9.50251136223475,17.0,0.6952354155232888,
nwpu,40,9.0,0.0,4.0,2.0,0.6499999998375,0.6499999998375,717.2994070053101,11.954990116755168,7.0,0.6861665050460105,
nwpu,40,9.0,0.0,4.0,3.0,0.5499999998625,0.5499999998625,690.2327525615692,11.503879209359487,17.0,0.6855207417681645,
nwpu,80,9.0,0.0,3.0,1.0,0.6124999999234375,0.6124999999234375,942.7963936328888,15.713273227214811,18.0,0.6910329418510675,
nwpu,2560,7.0,0.0,4.0,3.0,0.6099999999694999,0.6099999999694999,24388.00008368492,406.46666806141536,59.0,0.6835642867031355,
nwpu,80,9.0,0.0,3.0,2.0,0.7124999999109376,0.6624999999171876,802.3288950920105,13.372148251533508,5.0,0.6845578914025056,
nwpu,80,9.0,0.0,3.0,3.0,0.6374999999203126,0.64999999991875,855.7639398574829,14.262732330958048,11.0,0.683561730895428,
nwpu,80,9.0,0.0,4.0,1.0,0.54999999993125,0.54999999993125,1363.6354739665985,22.72725789944331,18.0,0.6945300369586627,
nwpu,80,9.0,0.0,4.0,2.0,0.6874999999140625,0.6874999999140625,1654.694887638092,27.57824812730153,11.0,0.6906572853655569,
nwpu,1280,8.0,0.0,3.0,1.0,0.659999999967,0.659999999967,13663.500972747805,227.72501621246337,58.0,0.6848958788655745,
nwpu,80,9.0,0.0,4.0,3.0,0.6374999999203126,0.6374999999203126,1517.935271024704,25.298921183745065,5.0,0.6870546578502144,
nwpu,5120,7.0,0.0,4.0,1.0,0.499999999975,0.499999999975,24542.063992977142,409.0343998829524,58.0,0.6928350430271906,
nwpu,160,9.0,0.0,3.0,2.0,0.5749999999640625,0.6312499999605469,1612.8153471946716,26.88025578657786,11.0,0.6875130581426079,
nwpu,160,9.0,0.0,3.0,1.0,0.5749999999640625,0.649999999959375,1771.3165504932404,29.521942508220672,28.0,0.6882772814797335,
nwpu,160,9.0,0.0,3.0,3.0,0.549999999965625,0.6374999999601563,2360.3072941303253,39.33845490217209,30.0,0.67981913979573,
nwpu,5120,7.0,0.0,4.0,2.0,0.59999999997,0.59999999997,23734.46877431869,395.5744795719783,59.0,0.6915218199831239,
nwpu,160,9.0,0.0,4.0,1.0,0.5562499999652344,0.5562499999652344,2235.2249121665955,37.25374853610992,27.0,0.6940033632083108,
nwpu,1280,8.0,0.0,3.0,2.0,0.699999999965,0.71499999996425,14661.406335353851,244.3567722558975,50.0,0.68047840252945,
nwpu,160,9.0,0.0,4.0,3.0,0.6687499999582031,0.6687499999582031,2503.3563113212585,41.722605188687645,28.0,0.685527988629411,
nwpu,2560,8.0,0.0,3.0,1.0,0.5699999999715,0.55499999997225,12846.019711732864,214.10032852888108,60.0,0.6936430478832933,
nwpu,160,9.0,0.0,4.0,2.0,0.6937499999566406,0.6937499999566406,3089.597853422165,51.49329755703608,11.0,0.6886384468840306,
nwpu,320,9.0,0.0,3.0,3.0,0.5899999999705,0.6149999999692499,3586.354810476303,59.772580174605054,53.0,0.6821935897852381,
nwpu,320,9.0,0.0,3.0,2.0,0.63499999996825,0.6499999999675,4462.452789783478,74.37421316305796,19.0,0.6846381413722666,
nwpu,320,9.0,0.0,4.0,1.0,0.63499999996825,0.63499999996825,4333.310307502747,72.22183845837911,18.0,0.6920487272523146,
nwpu,320,9.0,0.0,3.0,1.0,0.659999999967,0.62499999996875,4713.532184362412,78.55886973937352,34.0,0.6888338273548394,
nwpu,1280,8.0,0.0,3.0,3.0,0.62499999996875,0.619999999969,17420.242015123367,290.3373669187228,39.0,0.6781351841234281,
nwpu,5120,7.0,0.0,4.0,3.0,0.60499999996975,0.60499999996975,27410.006187677383,456.83343646128975,60.0,0.6870848310731216,
nwpu,2560,8.0,0.0,3.0,2.0,0.6099999999694999,0.57499999997125,14939.250018835068,248.9875003139178,59.0,0.6892958510659316,
nwpu,320,9.0,0.0,4.0,2.0,0.65499999996725,0.65499999996725,7148.163206577301,119.13605344295502,19.0,0.6837863296056688,
nwpu,5120,8.0,0.0,3.0,1.0,0.52499999997375,0.539999999973,14900.747520446776,248.34579200744628,58.0,0.6946842010758048,
nwpu,320,9.0,0.0,4.0,3.0,0.6299999999685,0.6299999999685,7150.326654434204,119.17211090723671,28.0,0.6814867484356585,
nwpu,640,9.0,0.0,3.0,1.0,0.559999999972,0.57499999997125,7661.383271694183,127.68972119490306,59.0,0.689069090474806,
nwpu,2560,8.0,0.0,3.0,3.0,0.6099999999694999,0.6299999999685,17885.36876654625,298.0894794424375,58.0,0.6800545332375123,
nwpu,5120,8.0,0.0,3.0,2.0,0.5499999999724999,0.53499999997325,17053.51594018936,284.2252656698227,60.0,0.6923439189535303,
nwpu,640,9.0,0.0,3.0,3.0,0.62499999996875,0.6399999999679999,8175.935796737671,136.2655966122945,50.0,0.682285548437902,
nwpu,640,9.0,0.0,3.0,2.0,0.62499999996875,0.679999999966,8570.852803707123,142.84754672845204,58.0,0.684097643483917,
nwpu,1280,8.0,0.0,4.0,1.0,0.65499999996725,0.65499999996725,22963.257083892822,382.7209513982137,60.0,0.6854628975334267,
nwpu,5120,8.0,0.0,3.0,3.0,0.559999999972,0.5699999999715,17798.41564130783,296.64026068846385,59.0,0.6844018831196019,
nwpu,640,9.0,0.0,4.0,1.0,0.5799999999709999,0.5799999999709999,10574.945717334747,176.24909528891246,59.0,0.6889237069975974,
nwpu,1280,8.0,0.0,4.0,3.0,0.6699999999665,0.6699999999665,24246.572543382645,404.1095423897107,45.0,0.6767838766518461,
nwpu,1280,8.0,0.0,4.0,2.0,0.6399999999679999,0.6399999999679999,24379.94602370262,406.332433728377,50.0,0.6836804993890373,
nwpu,20,10.0,0.0,3.0,1.0,0.549999999725,0.49999999975,245.56724524497983,4.092787420749664,16.0,0.6865072932387088,
nwpu,20,10.0,0.0,3.0,2.0,0.549999999725,0.549999999725,248.2712481021881,4.137854135036468,16.0,0.6775253000448052,
nwpu,20,10.0,0.0,3.0,3.0,0.449999999775,0.549999999725,246.28560996055603,4.104760166009267,16.0,0.6656658056030268,
nwpu,20,10.0,0.0,4.0,1.0,0.49999999975,0.49999999975,335.37584400177,5.589597400029501,16.0,0.6932196983209165,
nwpu,20,10.0,0.0,4.0,2.0,0.649999999675,0.649999999675,365.4112570285797,6.090187617142996,8.0,0.6887688830031269,
nwpu,2560,8.0,0.0,4.0,3.0,0.659999999967,0.659999999967,21744.10290837288,362.401715139548,60.0,0.6787885687294662,
nwpu,20,10.0,0.0,4.0,3.0,0.49999999975,0.49999999975,389.77488112449646,6.496248018741608,16.0,0.6803476270611781,
nwpu,640,9.0,0.0,4.0,3.0,0.619999999969,0.619999999969,11392.359535217283,189.87265892028807,47.0,0.6779224544657639,
nwpu,40,10.0,0.0,3.0,1.0,0.5499999998625,0.52499999986875,390.7405772209168,6.512342953681946,17.0,0.6854466520026342,
nwpu,40,10.0,0.0,3.0,2.0,0.5749999998562499,0.5499999998625,491.3842144012451,8.189736906687418,8.0,0.6842293594557127,
nwpu,40,10.0,0.0,3.0,3.0,0.5499999998625,0.52499999986875,449.67805767059326,7.494634294509888,8.0,0.6770498989319947,
nwpu,40,10.0,0.0,4.0,1.0,0.52499999986875,0.52499999986875,528.6304793357849,8.810507988929748,17.0,0.6924276076016276,
nwpu,2560,8.0,0.0,4.0,1.0,0.56499999997175,0.56499999997175,23441.489854097366,390.69149756828944,60.0,0.6935570751768172,
nwpu,40,10.0,0.0,4.0,2.0,0.5749999998562499,0.5749999998562499,713.0805983543396,11.884676639238991,7.0,0.6890828953450785,
nwpu,40,10.0,0.0,4.0,3.0,0.5749999998562499,0.5749999998562499,795.897935628891,13.26496559381485,17.0,0.6818712763273731,
nwpu,80,10.0,0.0,3.0,1.0,0.5624999999296876,0.5874999999265625,893.2891511917114,14.888152519861857,18.0,0.6883402722213535,
nwpu,80,10.0,0.0,3.0,2.0,0.5874999999265625,0.6624999999171876,1101.8776724338531,18.36462787389756,11.0,0.6864018433428116,
nwpu,80,10.0,0.0,3.0,3.0,0.6624999999171876,0.6999999999125001,1013.708865404129,16.895147756735483,5.0,0.6762173681605976,
nwpu,5120,8.0,0.0,4.0,1.0,0.55499999997225,0.55499999997225,23019.571661233906,383.6595276872317,60.0,0.694723712517989,
nwpu,640,9.0,0.0,4.0,2.0,0.6099999999694999,0.6099999999694999,14695.114640951157,244.918577349186,58.0,0.6845273578060004,
nwpu,80,10.0,0.0,4.0,1.0,0.624999999921875,0.624999999921875,1375.8393099308014,22.93065516551336,18.0,0.693656639370042,
nwpu,80,10.0,0.0,4.0,2.0,0.6874999999140625,0.6874999999140625,1210.591019153595,20.17651698589325,11.0,0.6859450017548483,
nwpu,2560,8.0,0.0,4.0,2.0,0.619999999969,0.619999999969,25374.269675016403,422.9044945836067,59.0,0.6888338161252158,
nwpu,1280,9.0,0.0,3.0,2.0,0.6699999999665,0.65499999996725,13824.445646047592,230.40742743412653,60.0,0.6848561720791013,
nwpu,80,10.0,0.0,4.0,3.0,0.7999999999,0.7999999999,1476.062932729721,24.601048878828685,5.0,0.6828759240250531,
nwpu,160,10.0,0.0,3.0,1.0,0.5937499999628906,0.6249999999609375,1953.5254805088043,32.55875800848007,28.0,0.6893688016699041,
nwpu,160,10.0,0.0,3.0,2.0,0.5874999999632812,0.6687499999582031,2445.9079308509827,40.76513218084971,28.0,0.687554604368153,
nwpu,160,10.0,0.0,3.0,3.0,0.5624999999648437,0.6437499999597656,2246.0345199108124,37.433908665180205,30.0,0.6759042012269056,
nwpu,5120,8.0,0.0,4.0,3.0,0.6149999999692499,0.6149999999692499,24738.68206691742,412.311367781957,60.0,0.683373410139747,
nwpu,5120,8.0,0.0,4.0,2.0,0.53499999997325,0.53499999997325,25983.30403971672,433.055067328612,60.0,0.6924201739571408,
nwpu,160,10.0,0.0,4.0,1.0,0.5937499999628906,0.5937499999628906,2796.315354347229,46.60525590578715,27.0,0.6922693734928431,
nwpu,160,10.0,0.0,4.0,2.0,0.649999999959375,0.649999999959375,2955.6750078201294,49.26125013033549,11.0,0.6903939449355645,
nwpu,160,10.0,0.0,4.0,3.0,0.69999999995625,0.69999999995625,3768.1179053783417,62.80196508963903,28.0,0.68341132517358,
nwpu,320,10.0,0.0,3.0,1.0,0.619999999969,0.58499999997075,3487.1960203647614,58.11993367274602,56.0,0.6877246653818747,
nwpu,320,10.0,0.0,3.0,2.0,0.6299999999685,0.6399999999679999,3348.1561627388,55.80260271231334,19.0,0.6857919800067215,
nwpu,1280,9.0,0.0,3.0,1.0,0.6449999999677499,0.659999999967,17734.54985141754,295.57583085695904,60.0,0.6873433534247023,
nwpu,1280,9.0,0.0,3.0,3.0,0.6449999999677499,0.6499999999675,17787.168665885925,296.4528110980988,58.0,0.6807871889216595,
nwpu,2560,9.0,0.0,3.0,1.0,0.60499999996975,0.57499999997125,15480.269962310793,258.0044993718465,58.0,0.693468484952234,
nwpu,320,10.0,0.0,3.0,3.0,0.6099999999694999,0.65499999996725,4449.007142305374,74.1501190384229,34.0,0.6813585823561413,
nwpu,2560,9.0,0.0,3.0,2.0,0.57499999997125,0.57499999997125,15933.550206184387,265.55917010307314,60.0,0.6918770518245262,
nwpu,320,10.0,0.0,4.0,3.0,0.6699999999665,0.6699999999665,5758.898590087891,95.98164316813153,34.0,0.6814815699841206,
nwpu,2560,9.0,0.0,3.0,3.0,0.6299999999685,0.619999999969,17496.86215209961,291.61436920166017,59.0,0.6841982468706972,
nwpu,5120,9.0,0.0,3.0,1.0,0.56499999997175,0.5299999999735,15741.595163106918,262.3599193851153,57.0,0.6941619110844304,
nwpu,320,10.0,0.0,4.0,1.0,0.63499999996825,0.63499999996825,6474.445030927658,107.90741718212765,19.0,0.6879561286949701,
nwpu,320,10.0,0.0,4.0,2.0,0.65499999996725,0.65499999996725,6640.866126775742,110.68110211292904,19.0,0.6845621871734316,
nwpu,640,10.0,0.0,3.0,2.0,0.6149999999692499,0.6149999999692499,6600.299127340317,110.00498545567194,47.0,0.6831132560861662,
nwpu,5120,9.0,0.0,3.0,2.0,0.53499999997325,0.5699999999715,16950.632544517517,282.51054240862527,60.0,0.6921007557652338,
nwpu,640,10.0,0.0,3.0,1.0,0.6099999999694999,0.62499999996875,7326.7139847278595,122.11189974546431,59.0,0.6858741712463022,
nwpu,1280,9.0,0.0,4.0,1.0,0.619999999969,0.619999999969,22812.76965379715,380.2128275632858,60.0,0.6875104124488759,
nwpu,5120,9.0,0.0,3.0,3.0,0.6149999999692499,0.6099999999694999,17084.16433739662,284.7360722899437,60.0,0.6857805260760063,
nwpu,640,10.0,0.0,3.0,3.0,0.59999999997,0.6399999999679999,8072.2495102882385,134.5374918381373,39.0,0.6792414754523004,
nwpu,1280,9.0,0.0,4.0,3.0,0.6299999999685,0.6299999999685,25057.32300806045,417.6220501343409,41.0,0.6768104883773354,
nwpu,1280,9.0,0.0,4.0,2.0,0.6299999999685,0.6299999999685,25357.83843946457,422.6306406577429,17.0,0.6844110370420007,
nwpu,2560,9.0,0.0,4.0,1.0,0.50499999997475,0.50499999997475,21638.44892454148,360.6408154090246,58.0,0.6923961281718729,
nwpu,640,10.0,0.0,4.0,2.0,0.619999999969,0.619999999969,10144.629523277285,169.07715872128804,23.0,0.6844637411725862,
nwpu,640,10.0,0.0,4.0,3.0,0.63499999996825,0.63499999996825,11089.330431461334,184.8221738576889,56.0,0.6785027050865968,
nwpu,640,10.0,0.0,4.0,1.0,0.6149999999692499,0.6149999999692499,12343.26844739914,205.72114078998567,59.0,0.6860543972146603,
nwpu,2560,9.0,0.0,4.0,2.0,0.52499999997375,0.52499999997375,24967.78808617592,416.1298014362653,59.0,0.6916719916603942,
nwpu,5120,9.0,0.0,4.0,2.0,0.5299999999735,0.5299999999735,22708.48333930969,378.4747223218282,60.0,0.6919979605617079,
nwpu,5120,9.0,0.0,4.0,1.0,0.5099999999745,0.5099999999745,24313.797575235367,405.2299595872561,60.0,0.6931789847157253,
nwpu,1280,10.0,0.0,3.0,1.0,0.63499999996825,0.679999999966,14912.5246925354,248.54207820892333,60.0,0.6844438846848989,
nwpu,2560,9.0,0.0,4.0,3.0,0.6499999999675,0.6499999999675,26680.682025432587,444.6780337572098,60.0,0.680761963997572,
nwpu,1280,10.0,0.0,3.0,2.0,0.6449999999677499,0.619999999969,15370.247189998629,256.1707864999771,17.0,0.6848090317986959,
nwpu,5120,9.0,0.0,4.0,3.0,0.619999999969,0.619999999969,25265.556801080704,421.09261335134505,60.0,0.6845968620720081,
nwpu,1280,10.0,0.0,3.0,3.0,0.6149999999692499,0.6149999999692499,14786.599497556686,246.4433249592781,41.0,0.6773556890431227,
nwpu,2560,10.0,0.0,3.0,1.0,0.54499999997275,0.55499999997225,15161.151086807253,252.68585144678752,60.0,0.69287165577629,
nwpu,2560,10.0,0.0,3.0,2.0,0.59499999997025,0.62499999996875,15374.256464004517,256.2376077334086,50.0,0.6879004847946063,
nwpu,5120,10.0,0.0,3.0,1.0,0.559999999972,0.54499999997275,13797.53841161728,229.95897352695465,59.0,0.694016345813054,
nwpu,5120,10.0,0.0,3.0,2.0,0.59499999997025,0.6099999999694999,15313.354031562803,255.22256719271343,58.0,0.689387022489525,
nwpu,5120,10.0,0.0,3.0,3.0,0.58499999997075,0.619999999969,16073.029202461244,267.8838200410207,60.0,0.6839955952110511,
nwpu,1280,10.0,0.0,4.0,2.0,0.63499999996825,0.63499999996825,20563.12068963051,342.7186781605085,41.0,0.6854731468302508,
nwpu,2560,10.0,0.0,3.0,3.0,0.5899999999705,0.5899999999705,18698.86640238762,311.647773373127,59.0,0.6799749613546291,
nwpu,1280,10.0,0.0,4.0,1.0,0.659999999967,0.659999999967,22241.24417829513,370.6874029715856,60.0,0.6851582087618634,
nwpu,5120,10.0,0.0,4.0,1.0,0.55499999997225,0.55499999997225,17822.426543712616,297.0404423952103,58.0,0.6931347772222615,
nwpu,1280,10.0,0.0,4.0,3.0,0.62499999996875,0.62499999996875,22468.505959510803,374.47509932518005,34.0,0.6767596406085521,
nwpu,2560,10.0,0.0,4.0,2.0,0.619999999969,0.619999999969,21666.766787052155,361.1127797842026,58.0,0.6880761431795637,
nwpu,2560,10.0,0.0,4.0,1.0,0.559999999972,0.559999999972,22867.13564682007,381.1189274470011,60.0,0.6920178539695293,
nwpu,2560,10.0,0.0,4.0,3.0,0.63499999996825,0.63499999996825,24160.096990585327,402.6682831764221,59.0,0.6789149444046665,
nwpu,5120,10.0,0.0,4.0,2.0,0.59999999997,0.59999999997,21373.337995052338,356.222299917539,60.0,0.6899439231497173,
nwpu,5120,10.0,0.0,4.0,3.0,0.63499999996825,0.63499999996825,26316.15579509735,438.6025965849559,60.0,0.6834151736838293,
mnist,20,1.0,0.0,3.0,1.0,0.7999999996,0.549999999725,294.27875995635986,4.904645999272664,13.0,0.6097277876666326,
mnist,20,1.0,0.0,3.0,3.0,0.749999999625,0.5999999997,293.95855021476746,4.8993091702461244,32.0,0.5284402951936198,
mnist,20,1.0,0.0,3.0,2.0,0.8499999995749999,0.49999999975,332.33736205101013,5.538956034183502,13.0,0.6198731467008666,
mnist,20,1.0,0.0,4.0,2.0,0.749999999625,0.749999999625,334.82033228874207,5.580338871479034,13.0,0.642954815304667,
mnist,20,1.0,0.0,4.0,1.0,0.549999999725,0.549999999725,356.87255120277405,5.947875853379568,32.0,0.6621176841524693,
mnist,20,1.0,0.0,4.0,3.0,0.7999999996,0.7999999996,491.8195595741272,8.196992659568787,28.0,0.5981842342008392,
mnist,40,1.0,0.0,3.0,1.0,0.92499999976875,0.62499999984375,549.1296484470367,9.152160807450612,13.0,0.5957680581510763,
mnist,40,1.0,0.0,3.0,3.0,0.9499999997625,0.72499999981875,565.3310806751251,9.422184677918752,23.0,0.5100274767196649,
mnist,40,1.0,0.0,4.0,3.0,0.92499999976875,0.92499999976875,682.1789331436157,11.369648885726928,23.0,0.615856555546338,
mnist,40,1.0,0.0,4.0,2.0,0.92499999976875,0.92499999976875,757.2933752536774,12.621556254227956,26.0,0.6551153401882794,
mnist,40,1.0,0.0,3.0,2.0,0.59999999985,0.62499999984375,870.4297153949738,14.507161923249562,13.0,0.6143926386489302,
mnist,40,1.0,0.0,4.0,1.0,0.6999999998249999,0.6999999998249999,985.8325192928314,16.430541988213857,53.0,0.6620509086384271,
mnist,80,1.0,0.0,3.0,2.0,0.5999999999250001,0.54999999993125,1093.5725948810575,18.226209914684297,17.0,0.6137469189591932,
mnist,80,1.0,0.0,3.0,3.0,0.94999999988125,0.7374999999078126,1134.094479084015,18.90157465140025,37.0,0.5055151414239323,
mnist,80,1.0,0.0,3.0,1.0,0.9624999998796876,0.724999999909375,1249.8095121383667,20.830158535639445,8.0,0.5912258046126431,
mnist,80,1.0,0.0,4.0,2.0,0.974999999878125,0.974999999878125,1369.9232783317566,22.83205463886261,17.0,0.6292527275490976,
mnist,160,1.0,0.0,3.0,3.0,0.9874999999382812,0.69999999995625,1999.479924201965,33.32466540336609,32.0,0.5191209616932667,
mnist,80,1.0,0.0,4.0,1.0,0.6124999999234375,0.6124999999234375,2164.645740747452,36.07742901245753,25.0,0.6469709556486133,
mnist,160,1.0,0.0,3.0,2.0,0.8624999999460937,0.6374999999601563,2174.139393091202,36.23565655152003,21.0,0.6073376488306022,
mnist,80,1.0,0.0,4.0,3.0,0.8124999998984376,0.8124999998984376,2204.5938053131104,36.74323008855184,22.0,0.5995509427036435,
mnist,160,1.0,0.0,4.0,1.0,0.6124999999617187,0.6124999999617187,2424.062106847763,40.401035114129385,21.0,0.6476311790538375,
mnist,160,1.0,0.0,4.0,2.0,0.8874999999445312,0.8874999999445312,2708.8216621875763,45.14702770312627,35.0,0.6320607047878049,
mnist,160,1.0,0.0,3.0,1.0,0.9624999999398436,0.6687499999582031,3251.467144966125,54.19111908276876,32.0,0.5951037847623819,
mnist,160,1.0,0.0,4.0,3.0,0.9374999999414062,0.9374999999414062,3958.643813848496,65.97739689747492,12.0,0.5987000006063115,
mnist,320,1.0,0.0,3.0,3.0,0.962499999969922,0.6531249999795898,4144.623450517654,69.07705750862758,12.0,0.5182275941806018,
mnist,320,1.0,0.0,3.0,2.0,0.9218749999711914,0.5468749999829101,4644.297410488129,77.40495684146882,19.0,0.5875107043797956,
mnist,320,1.0,0.0,3.0,1.0,0.9656249999698242,0.6312499999802734,5115.846369981766,85.26410616636277,24.0,0.5951221126132002,
mnist,320,1.0,0.0,4.0,1.0,0.6124999999808594,0.6124999999808594,5180.044240951538,86.33407068252563,19.0,0.6436488860644425,
mnist,20,2.0,0.0,3.0,1.0,0.8499999995749999,0.549999999725,263.5232903957367,4.392054839928945,13.0,0.6082611724673234,
mnist,20,2.0,0.0,3.0,2.0,0.6999999996499999,0.549999999725,267.545991897583,4.459099864959716,32.0,0.5894582721623938,
mnist,320,1.0,0.0,4.0,2.0,0.8687499999728515,0.8687499999728515,5855.534523487091,97.5922420581182,9.0,0.6253857528967928,
mnist,20,2.0,0.0,3.0,3.0,0.8499999995749999,0.5999999997,273.1851980686188,4.55308663447698,32.0,0.520032326617101,
mnist,320,1.0,0.0,4.0,3.0,0.8562499999732421,0.8562499999732421,6053.180614948273,100.8863435824712,19.0,0.5962895089201552,
mnist,640,1.0,0.0,3.0,1.0,0.9484374999851808,0.6624999999896485,6288.849425554276,104.81415709257126,12.0,0.5961959493067092,
mnist,20,2.0,0.0,4.0,1.0,0.549999999725,0.549999999725,452.48958945274353,7.541493157545726,32.0,0.6606867721353625,
mnist,20,2.0,0.0,4.0,2.0,0.749999999625,0.749999999625,382.5816605091095,6.376361008485159,13.0,0.6687142970794688,
mnist,20,2.0,0.0,4.0,3.0,0.749999999625,0.749999999625,388.6669366359711,6.477782277266185,32.0,0.5980447170128368,
mnist,40,2.0,0.0,3.0,1.0,0.9499999997625,0.62499999984375,367.92050099372864,6.132008349895477,13.0,0.5963768635689386,
mnist,40,2.0,0.0,3.0,3.0,0.92499999976875,0.72499999981875,544.1993780136108,9.06998963356018,13.0,0.5176456521647476,
mnist,40,2.0,0.0,3.0,2.0,0.59999999985,0.62499999984375,710.6513319015503,11.844188865025838,13.0,0.6144144473924016,
mnist,40,2.0,0.0,4.0,1.0,0.6999999998249999,0.6999999998249999,655.3889200687408,10.923148667812349,53.0,0.6621562193168828,
mnist,40,2.0,0.0,4.0,2.0,0.7499999998125,0.7499999998125,580.8900275230408,9.681500458717348,42.0,0.6661207143787198,
mnist,40,2.0,0.0,4.0,3.0,0.92499999976875,0.92499999976875,756.9146449565887,12.615244082609811,53.0,0.6162877862104834,
mnist,640,1.0,0.0,3.0,2.0,0.917187499985669,0.7031249999890137,7649.8900847435,127.49816807905832,31.0,0.6032592457438624,
mnist,80,2.0,0.0,3.0,2.0,0.8999999998875001,0.54999999993125,855.7461311817169,14.262435519695282,17.0,0.6071816515163571,
mnist,80,2.0,0.0,3.0,3.0,0.94999999988125,0.7374999999078126,761.8971645832062,12.69828607638677,10.0,0.5055392628276234,
mnist,80,2.0,0.0,3.0,1.0,0.9624999998796876,0.724999999909375,1300.4242672920227,21.673737788200377,10.0,0.5912251215434141,
mnist,80,2.0,0.0,4.0,1.0,0.6124999999234375,0.6124999999234375,1384.877065896988,23.081284431616464,25.0,0.6469944041158651,
mnist,80,2.0,0.0,4.0,2.0,0.8124999998984376,0.8124999998984376,1381.450839996338,23.02418066660563,17.0,0.6393636595403647,
mnist,80,2.0,0.0,4.0,3.0,0.9249999998843752,0.9249999998843752,1342.4321341514587,22.37386890252431,35.0,0.6133575480409681,
mnist,160,2.0,0.0,3.0,1.0,0.9624999999398436,0.6687499999582031,1611.76553606987,26.86275893449784,11.0,0.5950702499971403,
mnist,640,1.0,0.0,4.0,3.0,0.8171874999872314,0.8171874999872314,10146.825358629229,169.11375597715377,20.0,0.5955814993288441,
mnist,640,1.0,0.0,3.0,3.0,0.9593749999850096,0.6703124999895264,10694.989610910416,178.24982684850693,14.0,0.5125792843023318,
mnist,160,2.0,0.0,3.0,2.0,0.8624999999460937,0.6374999999601563,2617.6920771598816,43.62820128599802,21.0,0.6073382234193778,
mnist,160,2.0,0.0,3.0,3.0,0.9812499999386718,0.7312499999542968,2177.3090739250183,36.28848456541697,12.0,0.5291382038262581,
mnist,160,2.0,0.0,4.0,1.0,0.6124999999617187,0.6124999999617187,2725.805380821228,45.4300896803538,21.0,0.6476346718860213,
mnist,160,2.0,0.0,4.0,2.0,0.9062499999433592,0.9062499999433592,2656.2508928775787,44.27084821462631,21.0,0.6280692505443943,
mnist,160,2.0,0.0,4.0,3.0,0.9437499999410156,0.9437499999410156,2544.209276676178,42.403487944602965,44.0,0.6099907177305447,
mnist,640,1.0,0.0,4.0,2.0,0.8765624999863036,0.8765624999863036,12588.177628040314,209.8029604673385,27.0,0.6250233679912183,
mnist,640,1.0,0.0,4.0,1.0,0.5968749999906738,0.5968749999906738,13501.823570728302,225.0303928454717,18.0,0.6411346483130413,
mnist,320,2.0,0.0,3.0,1.0,0.9656249999698242,0.6312499999802734,3415.90735912323,56.9317893187205,9.0,0.595115329604625,
mnist,320,2.0,0.0,3.0,2.0,0.7593749999762696,0.518749999983789,3993.8534729480734,66.56422454913458,38.0,0.6107350116777301,
mnist,1280,1.0,0.0,3.0,1.0,0.96640624999245,0.6562499999948731,15148.416412830353,252.47360688050588,21.0,0.5978191977692628,
mnist,1280,1.0,0.0,3.0,2.0,0.9414062499926452,0.5578124999956421,15173.965231657028,252.8994205276172,18.0,0.5883002680494125,
mnist,320,2.0,0.0,4.0,1.0,0.6124999999808594,0.6124999999808594,5269.054602146149,87.81757670243582,19.0,0.643650489429387,
mnist,320,2.0,0.0,3.0,3.0,0.9781249999694336,0.6437499999798828,5816.751451969147,96.94585753281912,24.0,0.5098425024588523,
mnist,320,2.0,0.0,4.0,2.0,0.8531249999733398,0.8531249999733398,5590.509436130524,93.17515726884206,9.0,0.6365581798354543,
mnist,320,2.0,0.0,4.0,3.0,0.8687499999728515,0.8687499999728515,5721.866721868515,95.36444536447524,32.0,0.6061263012696633,
mnist,1280,1.0,0.0,3.0,3.0,0.9570312499925232,0.6703124999947633,17539.706603050232,292.3284433841705,29.0,0.5131075930555313,
mnist,640,2.0,0.0,3.0,1.0,0.9484374999851808,0.6624999999896485,6894.611044645309,114.91018407742182,12.0,0.5961958235409087,
mnist,1280,1.0,0.0,4.0,1.0,0.6007812499953065,0.6007812499953065,20848.25557398796,347.4709262331327,12.0,0.638451819414873,
mnist,640,2.0,0.0,3.0,2.0,0.9156249999856934,0.7031249999890137,9925.111615419388,165.41852692365646,31.0,0.6032444697524227,
mnist,640,2.0,0.0,4.0,1.0,0.5968749999906738,0.5968749999906738,9259.856090545654,154.33093484242758,18.0,0.641134628047462,
mnist,640,2.0,0.0,3.0,3.0,0.951562499985132,0.6578124999897217,10148.439326047896,169.14065543413162,22.0,0.506885150365062,
mnist,640,2.0,0.0,4.0,2.0,0.8765624999863036,0.8765624999863036,11152.09228181839,185.86820469697315,27.0,0.6250100427768325,
mnist,640,2.0,0.0,4.0,3.0,0.8703124999864014,0.8703124999864014,10800.46091246605,180.00768187443416,46.0,0.5944665300753214,
mnist,1280,1.0,0.0,4.0,3.0,0.8578124999932984,0.8578124999932984,28298.63546538353,471.6439244230588,37.0,0.5920793354465006,
mnist,1280,2.0,0.0,3.0,1.0,0.96640624999245,0.6562499999948731,14175.4109044075,236.25684840679168,12.0,0.5978176885796573,
mnist,1280,1.0,0.0,4.0,2.0,0.905468749992926,0.905468749992926,29403.739354372025,490.0623225728671,12.0,0.6235129088114665,
mnist,2560,1.0,0.0,3.0,2.0,0.9603413654570264,0.6094377510009567,29397.915011405945,489.9652501900991,16.0,0.5875567334867415,
mnist,1280,2.0,0.0,3.0,2.0,0.8507812499933534,0.4945312499961365,15863.030286312103,264.38383810520173,15.0,0.6072962951612711,
mnist,1280,2.0,0.0,3.0,3.0,0.9749999999923828,0.6617187499948304,17180.105570316315,286.33509283860525,23.0,0.5088259184320751,
mnist,20,3.0,0.0,3.0,1.0,0.8499999995749999,0.549999999725,240.9523994922638,4.015873324871063,13.0,0.608375118070637,
mnist,20,3.0,0.0,3.0,2.0,0.6999999996499999,0.549999999725,259.7867343425751,4.329778905709585,32.0,0.5894663664731501,
mnist,20,3.0,0.0,3.0,3.0,0.89999999955,0.49999999975,263.15156292915344,4.3858593821525576,13.0,0.52515498582093,
mnist,20,3.0,0.0,4.0,1.0,0.549999999725,0.549999999725,310.37548089027405,5.172924681504568,32.0,0.6632931938431199,
mnist,2560,1.0,0.0,3.0,3.0,0.9623493975855304,0.665662650599068,33648.48186993599,560.8080311655998,16.0,0.5101367723921876,
mnist,2560,1.0,0.0,3.0,1.0,0.9618473895534044,0.6772088353379658,34439.14366769791,573.9857277949651,21.0,0.5982763361907477,
mnist,20,3.0,0.0,4.0,2.0,0.749999999625,0.749999999625,328.80620789527893,5.480103464921315,47.0,0.6429014828566879,
mnist,20,3.0,0.0,4.0,3.0,0.749999999625,0.749999999625,333.2665100097656,5.554441833496094,47.0,0.5979106536498285,
mnist,40,3.0,0.0,3.0,1.0,0.92499999976875,0.6499999998375,519.9308376312256,8.665513960520427,13.0,0.5959273485839665,
mnist,40,3.0,0.0,3.0,2.0,0.59999999985,0.62499999984375,487.3003587722778,8.121672646204631,13.0,0.6144096229924546,
mnist,40,3.0,0.0,3.0,3.0,0.99999999975,0.6999999998249999,462.1738712787628,7.702897854646047,21.0,0.5346584673379349,
mnist,40,3.0,0.0,4.0,1.0,0.6999999998249999,0.6999999998249999,640.8320729732513,10.680534549554189,53.0,0.6622252796424881,
mnist,40,3.0,0.0,4.0,2.0,0.67499999983125,0.67499999983125,659.697215795517,10.99495359659195,13.0,0.6652359531646846,
mnist,40,3.0,0.0,4.0,3.0,0.9499999997625,0.9499999997625,694.8477201461792,11.580795335769654,53.0,0.6152056579243923,
mnist,1280,2.0,0.0,4.0,1.0,0.6007812499953065,0.6007812499953065,19850.95251202584,330.8492085337639,12.0,0.6384517633865068,
mnist,80,3.0,0.0,3.0,1.0,0.9624999998796876,0.724999999909375,889.2861478328705,14.821435797214509,8.0,0.5912232106185028,
mnist,80,3.0,0.0,3.0,2.0,0.5999999999250001,0.54999999993125,948.7495970726012,15.812493284543356,17.0,0.6137506609387918,
mnist,80,3.0,0.0,3.0,3.0,0.94999999988125,0.7499999999062501,1112.9659609794617,18.54943268299103,10.0,0.5274409838851617,
mnist,80,3.0,0.0,4.0,2.0,0.974999999878125,0.974999999878125,1239.6293804645538,20.66048967440923,17.0,0.6292778592515177,
mnist,80,3.0,0.0,4.0,1.0,0.6124999999234375,0.6124999999234375,1321.4808423519137,22.024680705865222,35.0,0.6469803547050467,
mnist,1280,2.0,0.0,4.0,2.0,0.905468749992926,0.905468749992926,21110.91173052788,351.8485288421313,12.0,0.623499516243832,
mnist,80,3.0,0.0,4.0,3.0,0.874999999890625,0.874999999890625,1354.8384611606598,22.58064101934433,33.0,0.6101879357528892,
mnist,160,3.0,0.0,3.0,1.0,0.9624999999398436,0.6687499999582031,2474.7698254585266,41.24616375764211,32.0,0.5951082688198079,
mnist,160,3.0,0.0,3.0,3.0,0.9812499999386718,0.7312499999542968,2014.5419232845304,33.57569872140884,17.0,0.5291380926635956,
mnist,160,3.0,0.0,3.0,2.0,0.8624999999460937,0.6374999999601563,2183.00650382042,36.38344173034032,21.0,0.6073362409688927,
mnist,1280,2.0,0.0,4.0,3.0,0.9070312499929138,0.9070312499929138,23027.546883821487,383.7924480636914,29.0,0.5947980737639689,
mnist,160,3.0,0.0,4.0,2.0,0.9062499999433592,0.9062499999433592,2611.688057422638,43.5281342903773,21.0,0.6278778355921282,
mnist,2560,1.0,0.0,4.0,3.0,0.8830321285096234,0.8830321285096234,40043.34497857094,667.3890829761823,26.0,0.5923328471160639,
mnist,160,3.0,0.0,4.0,1.0,0.6124999999617187,0.6124999999617187,3328.9092688560486,55.48182114760081,21.0,0.6476301621985978,
mnist,160,3.0,0.0,4.0,3.0,0.9124999999429688,0.9124999999429688,2776.4187109470367,46.273645182450615,56.0,0.5937358975039376,
mnist,2560,1.0,0.0,4.0,1.0,0.5983935742941848,0.5983935742941848,42116.833285331726,701.9472214221954,16.0,0.6391570526336499,
mnist,320,3.0,0.0,3.0,2.0,0.7593749999762696,0.5124999999839843,3411.132987976074,56.85221646626791,9.0,0.6110092282104286,
mnist,320,3.0,0.0,3.0,1.0,0.9656249999698242,0.6312499999802734,3509.2380459308624,58.48730076551438,24.0,0.5951222228817932,
mnist,320,3.0,0.0,3.0,3.0,0.9781249999694336,0.6406249999799805,3410.376719236374,56.839611987272896,12.0,0.5128861781794488,
mnist,2560,2.0,0.0,3.0,1.0,0.9618473895534044,0.6772088353379658,25712.621046066284,428.5436841011048,13.0,0.5982756173587318,
mnist,320,3.0,0.0,4.0,2.0,0.8687499999728515,0.8687499999728515,4482.6604180336,74.71100696722667,24.0,0.6253974395794935,
mnist,320,3.0,0.0,4.0,1.0,0.6124999999808594,0.6124999999808594,4925.557524442673,82.09262540737788,19.0,0.6436553793944442,
mnist,2560,1.0,0.0,4.0,2.0,0.8920682730878913,0.8920682730878913,45622.311021089554,760.3718503514925,16.0,0.6231319761251904,
mnist,320,3.0,0.0,4.0,3.0,0.8218749999743163,0.8218749999743163,5487.051848649979,91.45086414416632,47.0,0.608544128518161,
mnist,640,3.0,0.0,3.0,2.0,0.7671874999880127,0.5578124999912841,7081.878098726273,118.03130164543788,23.0,0.6128760760926806,
mnist,640,3.0,0.0,3.0,1.0,0.9484374999851808,0.6624999999896485,8606.51240849495,143.4418734749158,12.0,0.5961958360578843,
mnist,2560,2.0,0.0,3.0,2.0,0.9011044176661592,0.6997991967836356,30056.843030691147,500.9473838448524,41.0,0.6015174585557329,
mnist,640,3.0,0.0,3.0,3.0,0.9593749999850096,0.6703124999895264,8982.92965054512,149.715494175752,14.0,0.5125781246939678,
mnist,640,3.0,0.0,4.0,1.0,0.5968749999906738,0.5968749999906738,10385.59818315506,173.09330305258433,18.0,0.6411343914170223,
mnist,2560,2.0,0.0,3.0,3.0,0.9623493975855304,0.665662650599068,33539.85079884529,558.9975133140882,16.0,0.5101352900246721,
mnist,640,3.0,0.0,4.0,3.0,0.8203124999871826,0.8203124999871826,11623.22669696808,193.720444949468,31.0,0.5925805103686248,
mnist,640,3.0,0.0,4.0,2.0,0.8765624999863036,0.8765624999863036,12545.94534254074,209.0990890423457,27.0,0.6250114887855147,
mnist,1280,3.0,0.0,3.0,1.0,0.96640624999245,0.6562499999948731,12280.619005441666,204.67698342402767,21.0,0.5978191256476428,
mnist,1280,3.0,0.0,3.0,2.0,0.6718749999947511,0.5203124999959351,13220.598162412643,220.34330270687732,12.0,0.6159689557504215,
mnist,2560,2.0,0.0,4.0,1.0,0.5983935742941848,0.5983935742941848,37111.50663518906,618.5251105864843,16.0,0.6391569334243603,
mnist,1280,3.0,0.0,3.0,3.0,0.9843749999923096,0.6695312499947693,13146.131957054138,219.10219928423564,11.0,0.5148047265370204,
mnist,1280,3.0,0.0,4.0,1.0,0.6007812499953065,0.6007812499953065,18569.35262966156,309.4892104943593,15.0,0.638452156181116,
mnist,5120,1.0,0.0,3.0,3.0,0.9568273092321444,0.663152610438438,67605.21691346169,1126.7536152243615,15.0,0.5093863657106941,
mnist,5120,1.0,0.0,3.0,1.0,0.9457831325253726,0.6752008032094619,68899.08474183083,1148.3180790305137,17.0,0.5974596565950169,
mnist,20,4.0,0.0,3.0,1.0,0.7999999996,0.549999999725,320.60804629325867,5.343467438220978,13.0,0.6103359749841768,
mnist,20,4.0,0.0,3.0,2.0,0.8499999995749999,0.49999999975,273.4537193775177,4.557561989625295,13.0,0.6198656776428336,
mnist,20,4.0,0.0,3.0,3.0,0.8499999995749999,0.49999999975,274.0658805370331,4.567764675617218,13.0,0.5204672295233013,
mnist,20,4.0,0.0,4.0,1.0,0.449999999775,0.449999999775,334.2060294151306,5.570100490252177,47.0,0.6625882157350663,
mnist,20,4.0,0.0,4.0,2.0,0.649999999675,0.649999999675,402.716894865036,6.7119482477506,13.0,0.6672679808379739,
mnist,1280,3.0,0.0,4.0,2.0,0.905468749992926,0.905468749992926,21467.71841621399,357.7953069368998,18.0,0.6235055750559733,
mnist,20,4.0,0.0,4.0,3.0,0.749999999625,0.749999999625,583.0253295898438,9.717088826497395,32.0,0.5980572995533425,
mnist,40,4.0,0.0,3.0,1.0,0.92499999976875,0.6499999998375,548.6169624328613,9.14361604054769,13.0,0.5959164522588578,
mnist,40,4.0,0.0,3.0,3.0,0.99999999975,0.72499999981875,554.049263715744,9.2341543952624,23.0,0.5177106593745091,
mnist,40,4.0,0.0,3.0,2.0,0.59999999985,0.62499999984375,792.1226153373718,13.202043588956196,13.0,0.6144064055337306,
mnist,40,4.0,0.0,4.0,1.0,0.6999999998249999,0.6999999998249999,757.1981844902039,12.619969741503398,53.0,0.6622437445653885,
mnist,40,4.0,0.0,4.0,2.0,0.8499999997875,0.8499999997875,730.6044571399689,12.176740952332814,13.0,0.6660443465236667,
mnist,40,4.0,0.0,4.0,3.0,0.9499999997625,0.9499999997625,972.164776802063,16.202746280034383,31.0,0.6150586204183255,
mnist,80,4.0,0.0,3.0,1.0,0.94999999988125,0.7374999999078126,1300.272404909134,21.671206748485567,8.0,0.5914083193993406,
mnist,1280,3.0,0.0,4.0,3.0,0.8320312499934999,0.8320312499934999,24103.82092356682,401.7303487261136,29.0,0.6096943986368231,
mnist,5120,1.0,0.0,3.0,2.0,0.9558232931678924,0.6089357429688307,74545.24586486816,1242.4207644144694,17.0,0.5867508763063415,
mnist,80,4.0,0.0,3.0,2.0,0.5999999999250001,0.54999999993125,1061.5959737300873,17.693266228834787,17.0,0.6137482570834683,
mnist,2560,2.0,0.0,4.0,2.0,0.8925702811200172,0.8925702811200172,52811.4173309803,880.1902888496717,16.0,0.6231371611332394,
mnist,80,4.0,0.0,3.0,3.0,0.974999999878125,0.7499999999062501,1186.2148718833923,19.770247864723206,8.0,0.5219331159535304,
mnist,80,4.0,0.0,4.0,1.0,0.6124999999234375,0.6124999999234375,1236.2829225063324,20.60471537510554,35.0,0.6469692110206609,
mnist,80,4.0,0.0,4.0,3.0,0.7874999999015626,0.7874999999015626,1453.1487829685211,24.219146382808685,37.0,0.5986390762772897,
mnist,80,4.0,0.0,4.0,2.0,0.9374999998828126,0.9374999998828126,1646.9171175956726,27.448618626594545,17.0,0.6339850478571913,
mnist,160,4.0,0.0,3.0,1.0,0.9624999999398436,0.6687499999582031,1984.0909066200256,33.068181777000426,32.0,0.595108697377204,
mnist,160,4.0,0.0,3.0,3.0,0.9874999999382812,0.7062499999558594,2157.7814242839813,35.963023738066354,17.0,0.5101372807899166,
mnist,160,4.0,0.0,3.0,2.0,0.8624999999460937,0.6374999999601563,2681.682316303253,44.694705271720885,21.0,0.6073380940772987,
mnist,160,4.0,0.0,4.0,3.0,0.9124999999429688,0.9124999999429688,2675.9952523708344,44.59992087284724,21.0,0.5937321328745738,
mnist,160,4.0,0.0,4.0,1.0,0.6124999999617187,0.6124999999617187,3522.3169734478,58.70528289079666,31.0,0.647680389840654,
mnist,160,4.0,0.0,4.0,2.0,0.8874999999445312,0.8874999999445312,3760.0377674102783,62.66729612350464,21.0,0.6320864170394663,
mnist,2560,3.0,0.0,3.0,2.0,0.7374497991930852,0.5542168674670973,29870.272183656693,497.8378697276115,16.0,0.6144976395344572,
mnist,2560,2.0,0.0,4.0,3.0,0.8930722891521432,0.8930722891521432,57253.4702835083,954.2245047251384,26.0,0.5949540925002699,
mnist,320,4.0,0.0,3.0,1.0,0.9656249999698242,0.6312499999802734,3988.53622841835,66.4756038069725,24.0,0.5951222485117903,
mnist,320,4.0,0.0,3.0,2.0,0.8968749999719726,0.6374999999800781,4487.396807193756,74.7899467865626,19.0,0.6032021367361395,
mnist,2560,3.0,0.0,3.0,1.0,0.9618473895534044,0.6772088353379658,33411.60329389572,556.860054898262,21.0,0.5982763791060919,
mnist,320,4.0,0.0,3.0,3.0,0.9781249999694336,0.6437499999798828,4141.306802988052,69.02178004980087,24.0,0.5098415112336095,
mnist,320,4.0,0.0,4.0,1.0,0.6124999999808594,0.6124999999808594,6314.829798460007,105.24716330766678,19.0,0.6436512422360504,
mnist,2560,3.0,0.0,3.0,3.0,0.9703815260995464,0.657128514052926,33523.85518217087,558.7309197028478,26.0,0.5107870152572707,
mnist,320,4.0,0.0,4.0,3.0,0.8468749999735351,0.8468749999735351,6185.657161712647,103.0942860285441,32.0,0.5910586374813388,
mnist,320,4.0,0.0,4.0,2.0,0.8687499999728515,0.8687499999728515,7628.310349941254,127.13850583235424,19.0,0.625400302390582,
mnist,640,4.0,0.0,3.0,2.0,0.7687499999879883,0.5578124999912841,8061.956285238266,134.36593808730444,9.0,0.6128900670909485,
mnist,640,4.0,0.0,3.0,1.0,0.9484374999851808,0.6624999999896485,10178.06316280365,169.63438604672749,23.0,0.5961996310856169,
mnist,640,4.0,0.0,3.0,3.0,0.9593749999850096,0.6484374999898681,9771.990821361542,162.86651368935904,28.0,0.5178147929825937,
mnist,5120,1.0,0.0,4.0,1.0,0.585843373491035,0.585843373491035,91660.18641877174,1527.6697736461958,15.0,0.6391902840124997,
mnist,5120,2.0,0.0,3.0,2.0,0.9226907630475768,0.7018072289121395,68388.19844055176,1139.8033073425293,25.0,0.600323241947909,
mnist,640,4.0,0.0,4.0,2.0,0.9078124999858154,0.9078124999858154,13024.570190429688,217.0761698404948,14.0,0.6273718756339275,
mnist,640,4.0,0.0,4.0,1.0,0.5968749999906738,0.5968749999906738,14011.7760283947,233.52960047324493,18.0,0.6411335271496732,
mnist,5120,1.0,0.0,4.0,2.0,0.8719879518028515,0.8719879518028515,96683.94408941267,1611.3990681568782,17.0,0.6220762234914073,
mnist,5120,2.0,0.0,3.0,3.0,0.9568273092321444,0.6636546184705641,71157.7779276371,1185.9629654606183,17.0,0.5093859767903869,
mnist,5120,2.0,0.0,3.0,1.0,0.9452811244932466,0.6752008032094619,74874.17447257042,1247.9029078761737,9.0,0.5974591165769352,
mnist,640,4.0,0.0,4.0,3.0,0.871874999986377,0.871874999986377,13136.53472352028,218.94224539200465,16.0,0.5921109223273266,
mnist,2560,3.0,0.0,4.0,2.0,0.8925702811200172,0.8925702811200172,47549.79937052727,792.4966561754544,16.0,0.623137896654556,
mnist,1280,4.0,0.0,3.0,1.0,0.96640624999245,0.6562499999948731,16734.22828602791,278.9038047671318,21.0,0.597818992729285,
mnist,2560,3.0,0.0,4.0,1.0,0.5983935742941848,0.5983935742941848,51417.89084935188,856.9648474891981,16.0,0.639157393572218,
mnist,1280,4.0,0.0,3.0,2.0,0.8085937499936829,0.6437499999949707,18700.47385406494,311.6745642344157,15.0,0.602838978166639,
mnist,1280,4.0,0.0,3.0,3.0,0.9843749999923096,0.6687499999947755,21882.27666711808,364.70461111863455,11.0,0.514830183978827,
mnist,20,5.0,0.0,3.0,1.0,0.8499999995749999,0.549999999725,270.01429080963135,4.5002381801605225,13.0,0.6071644613091192,
mnist,20,5.0,0.0,3.0,2.0,0.8499999995749999,0.49999999975,286.73456621170044,4.778909436861674,13.0,0.619854636478441,
mnist,2560,3.0,0.0,4.0,3.0,0.7725903614419047,0.7725903614419047,54946.27607584,915.7712679306666,26.0,0.6091550970053721,
mnist,20,5.0,0.0,3.0,3.0,0.8499999995749999,0.5999999997,298.2390158176422,4.970650263627371,32.0,0.5199770170830558,
mnist,20,5.0,0.0,4.0,1.0,0.49999999975,0.49999999975,350.59671115875244,5.84327851931254,60.0,0.6628759041094419,
mnist,20,5.0,0.0,4.0,2.0,0.6999999996499999,0.6999999996499999,375.22984790802,6.253830798467001,29.0,0.6518413397390819,
mnist,20,5.0,0.0,4.0,3.0,0.749999999625,0.749999999625,402.1728341579437,6.702880569299063,57.0,0.6005043563224437,
mnist,40,5.0,0.0,3.0,1.0,0.92499999976875,0.6499999998375,533.0515556335449,8.884192593892415,13.0,0.5959097813070162,
mnist,40,5.0,0.0,3.0,2.0,0.59999999985,0.62499999984375,513.3017308712006,8.555028847853343,13.0,0.6143982855929748,
mnist,40,5.0,0.0,3.0,3.0,0.92499999976875,0.72499999981875,545.141242980957,9.08568738301595,24.0,0.5176236580508309,
mnist,40,5.0,0.0,4.0,1.0,0.6999999998249999,0.6999999998249999,841.8142457008362,14.03023742834727,53.0,0.6623841558230972,
mnist,40,5.0,0.0,4.0,2.0,0.77499999980625,0.77499999980625,710.9717447757721,11.849529079596202,13.0,0.6654867748742548,
mnist,40,5.0,0.0,4.0,3.0,0.87499999978125,0.87499999978125,710.6305508613586,11.843842514355975,48.0,0.6327113567201028,
mnist,80,5.0,0.0,3.0,1.0,0.9624999998796876,0.724999999909375,1188.5849041938782,19.809748403231303,10.0,0.5912266796088284,
mnist,80,5.0,0.0,3.0,2.0,0.5999999999250001,0.54999999993125,1223.562034368515,20.392700572808582,17.0,0.6137501292653604,
mnist,1280,4.0,0.0,4.0,1.0,0.6007812499953065,0.6007812499953065,25147.296459198,419.1216076533,15.0,0.6384515953014087,
mnist,80,5.0,0.0,3.0,3.0,0.94999999988125,0.724999999909375,1130.502876996994,18.841714616616567,17.0,0.4988368999334492,
mnist,80,5.0,0.0,4.0,1.0,0.6124999999234375,0.6124999999234375,1532.782665014267,25.546377750237784,26.0,0.6469636713649762,
mnist,5120,3.0,0.0,3.0,1.0,0.9457831325253726,0.6752008032094619,60050.8395652771,1000.8473260879516,17.0,0.5974597692477955,
mnist,80,5.0,0.0,4.0,3.0,0.8499999998937501,0.8499999998937501,1494.8888618946075,24.914814364910125,22.0,0.5951476853341988,
mnist,80,5.0,0.0,4.0,2.0,0.974999999878125,0.974999999878125,1624.964441537857,27.082740692297616,17.0,0.6292937468695805,
mnist,5120,1.0,0.0,4.0,3.0,0.8785140562204894,0.8785140562204894,115959.25216031076,1932.6542026718453,32.0,0.595084539054662,
mnist,1280,4.0,0.0,4.0,2.0,0.853906249993329,0.853906249993329,25653.226092100143,427.5537682016691,12.0,0.6252508795212536,
mnist,160,5.0,0.0,3.0,1.0,0.9624999999398436,0.6687499999582031,2296.438358783722,38.27397264639536,32.0,0.5951065015420904,
mnist,160,5.0,0.0,3.0,2.0,0.7937499999503906,0.5124999999679687,2078.273950576782,34.6378991762797,32.0,0.6035844170669971,
mnist,160,5.0,0.0,4.0,1.0,0.6124999999617187,0.6124999999617187,2563.4065272808075,42.72344212134679,21.0,0.6476435982776222,
mnist,160,5.0,0.0,3.0,3.0,0.9874999999382812,0.7062499999558594,2747.737377166748,45.795622952779134,17.0,0.5101599585691129,
mnist,160,5.0,0.0,4.0,2.0,0.8624999999460937,0.8624999999460937,3309.327888488769,55.15546480814616,20.0,0.6486471706223396,
mnist,160,5.0,0.0,4.0,3.0,0.9374999999414062,0.9374999999414062,2892.5648081302643,48.20941346883774,43.0,0.5986040716989229,
mnist,1280,4.0,0.0,4.0,3.0,0.8578124999932984,0.8578124999932984,29199.93974685669,486.6656624476115,29.0,0.5921090167714591,
mnist,5120,2.0,0.0,4.0,2.0,0.8719879518028515,0.8719879518028515,94316.17956614494,1571.9363261024157,9.0,0.622074807881094,
mnist,320,5.0,0.0,3.0,2.0,0.9218749999711914,0.5499999999828125,3914.747279882431,65.24578799804051,16.0,0.5875022947604644,
mnist,5120,3.0,0.0,3.0,3.0,0.9718875501959244,0.6691767068239499,65377.860323667526,1089.6310053944587,9.0,0.5151419115056467,
mnist,320,5.0,0.0,3.0,3.0,0.9749999999695312,0.6468749999797851,3862.424486398697,64.37374143997828,24.0,0.5128958284694609,
mnist,320,5.0,0.0,3.0,1.0,0.9656249999698242,0.6312499999802734,4816.568195104599,80.27613658507666,22.0,0.5951220768504133,
mnist,5120,2.0,0.0,4.0,1.0,0.585843373491035,0.585843373491035,96220.96772313118,1603.6827953855195,15.0,0.6391901612269315,
mnist,5120,3.0,0.0,3.0,2.0,0.9558232931678924,0.6089357429688307,66823.8295083046,1113.7304918050766,25.0,0.5867509710777268,
mnist,2560,4.0,0.0,3.0,2.0,0.9011044176661592,0.6992971887515096,30000.11083126068,500.0018471876781,15.0,0.6015179455256808,
mnist,2560,4.0,0.0,3.0,1.0,0.9618473895534044,0.6772088353379658,32548.834968090057,542.480582801501,21.0,0.5982762581086629,
mnist,320,5.0,0.0,4.0,1.0,0.6124999999808594,0.6124999999808594,6519.829513311386,108.66382522185644,19.0,0.6436881983079029,
mnist,320,5.0,0.0,4.0,3.0,0.8562499999732421,0.8562499999732421,6657.145122528076,110.95241870880128,32.0,0.5962883335165603,
mnist,320,5.0,0.0,4.0,2.0,0.8687499999728515,0.8687499999728515,7919.890230894089,131.9981705149015,19.0,0.625403739790446,
mnist,640,5.0,0.0,3.0,2.0,0.954687499985083,0.5859374999908448,7444.257653236389,124.07096088727316,20.0,0.5872162228730955,
mnist,2560,4.0,0.0,3.0,3.0,0.9779116465814364,0.6741967871452099,33133.634137153625,552.2272356192271,16.0,0.5153618472794429,
mnist,640,5.0,0.0,3.0,3.0,0.9593749999850096,0.671874999989502,8102.771366596222,135.04618944327038,14.0,0.5126148390689862,
mnist,640,5.0,0.0,3.0,1.0,0.9484374999851808,0.6624999999896485,10337.752908468246,172.2958818078041,12.0,0.5961958742048569,
mnist,640,5.0,0.0,4.0,1.0,0.5968749999906738,0.5968749999906738,10439.158190011978,173.98596983353298,18.0,0.6411417966980891,
mnist,640,5.0,0.0,4.0,2.0,0.8765624999863036,0.8765624999863036,13655.882029056547,227.59803381760915,27.0,0.6249823284051517,
mnist,5120,2.0,0.0,4.0,3.0,0.8780120481883634,0.8780120481883634,109364.12035155296,1822.7353391925487,28.0,0.5950859218824208,
mnist,640,5.0,0.0,4.0,3.0,0.818749999987207,0.818749999987207,15537.959939718246,258.9659989953041,12.0,0.614721286883286,
mnist,2560,4.0,0.0,4.0,2.0,0.9016064256982852,0.9016064256982852,42127.79827976227,702.1299713293712,15.0,0.6367933392499844,
mnist,1280,5.0,0.0,3.0,3.0,0.9843749999923096,0.6695312499947693,14724.293625116348,245.4048937519392,11.0,0.5148150384385898,
mnist,1280,5.0,0.0,3.0,2.0,0.9414062499926452,0.5578124999956421,15562.318516731262,259.3719752788544,18.0,0.5883009618474775,
mnist,1280,5.0,0.0,3.0,1.0,0.96640624999245,0.6562499999948731,17629.097865581512,293.81829775969186,21.0,0.5978191697550799,
mnist,5120,3.0,0.0,4.0,1.0,0.585843373491035,0.585843373491035,83915.18475937843,1398.5864126563072,15.0,0.6391909295308027,
mnist,20,6.0,0.0,3.0,1.0,0.749999999625,0.549999999725,214.41513633728027,3.573585605621338,13.0,0.6062744513102889,
mnist,20,6.0,0.0,3.0,2.0,0.8499999995749999,0.49999999975,216.4630701541901,3.607717835903168,32.0,0.6198817637443573,
mnist,20,6.0,0.0,3.0,3.0,0.89999999955,0.49999999975,319.38291335105896,5.323048555850983,32.0,0.5321671063027298,
mnist,20,6.0,0.0,4.0,1.0,0.549999999725,0.549999999725,283.7414581775665,4.729024302959442,32.0,0.662488762405076,
mnist,20,6.0,0.0,4.0,3.0,0.749999999625,0.749999999625,314.4252669811249,5.240421116352081,32.0,0.5979737338414093,
mnist,20,6.0,0.0,4.0,2.0,0.5999999997,0.5999999997,514.055526971817,8.56759211619695,13.0,0.6605460950409732,
mnist,40,6.0,0.0,3.0,1.0,0.92499999976875,0.6499999998375,400.27982926368713,6.671330487728119,13.0,0.5958761195838876,
mnist,40,6.0,0.0,3.0,3.0,0.92499999976875,0.72499999981875,399.68843054771423,6.661473842461904,24.0,0.5176300613778175,
mnist,40,6.0,0.0,3.0,2.0,0.6999999998249999,0.499999999875,767.4593832492828,12.79098972082138,13.0,0.6143789486541216,
mnist,40,6.0,0.0,4.0,1.0,0.6999999998249999,0.6999999998249999,525.1924169063568,8.75320694843928,53.0,0.6629317025673068,
mnist,40,6.0,0.0,4.0,2.0,0.92499999976875,0.92499999976875,733.877471446991,12.231291190783184,26.0,0.6548261056693471,
mnist,40,6.0,0.0,4.0,3.0,0.9499999997625,0.9499999997625,630.9760482311249,10.516267470518748,13.0,0.6150824467790221,
mnist,80,6.0,0.0,3.0,1.0,0.9624999998796876,0.724999999909375,1095.522545337677,18.25870908896128,8.0,0.5912243705248901,
mnist,2560,4.0,0.0,4.0,1.0,0.5983935742941848,0.5983935742941848,47697.09390091896,794.951565015316,15.0,0.6391577148412534,
mnist,80,6.0,0.0,3.0,2.0,0.8999999998875001,0.5374999999328125,865.4488701820374,14.42414783636729,17.0,0.6068350809054002,
mnist,80,6.0,0.0,3.0,3.0,0.9624999998796876,0.6874999999140625,1079.4547445774078,17.990912409623466,17.0,0.5010267847150129,
mnist,80,6.0,0.0,4.0,1.0,0.6124999999234375,0.6124999999234375,1125.904213666916,18.76507022778193,35.0,0.6469942658330892,
mnist,80,6.0,0.0,4.0,2.0,0.974999999878125,0.974999999878125,1170.0814106464386,19.50135684410731,17.0,0.6292762016463467,
mnist,80,6.0,0.0,4.0,3.0,0.8624999998921876,0.8624999998921876,1472.9556448459623,24.549260747432708,22.0,0.5950389086456367,
mnist,160,6.0,0.0,3.0,1.0,0.9624999999398436,0.6687499999582031,1710.1276454925537,28.50212742487589,32.0,0.5951047545299524,
mnist,160,6.0,0.0,3.0,2.0,0.8624999999460937,0.6312499999605469,1706.382264137268,28.4397044022878,21.0,0.6073373859741188,
mnist,1280,5.0,0.0,4.0,1.0,0.6007812499953065,0.6007812499953065,23924.3924806118,398.73987467686334,15.0,0.6384560972402286,
mnist,1280,5.0,0.0,4.0,2.0,0.8749999999931641,0.8749999999931641,23311.0999379158,388.5183322985967,18.0,0.6369991272638147,
mnist,160,6.0,0.0,3.0,3.0,0.9874999999382812,0.7062499999558594,1955.7271420955656,32.59545236825943,17.0,0.5101424491086648,
mnist,160,6.0,0.0,4.0,1.0,0.6124999999617187,0.6124999999617187,2638.8863310813904,43.98143885135651,21.0,0.6476291900468416,
mnist,160,6.0,0.0,4.0,2.0,0.9062499999433592,0.9062499999433592,3064.354216337204,51.07257027228673,21.0,0.6280393176878365,
mnist,160,6.0,0.0,4.0,3.0,0.9374999999414062,0.9374999999414062,3640.2495517730713,60.67082586288452,21.0,0.598698040209545,
mnist,320,6.0,0.0,3.0,2.0,0.8968749999719726,0.6374999999800781,4411.92827296257,73.5321378827095,19.0,0.6032018142750112,
mnist,320,6.0,0.0,3.0,1.0,0.9656249999698242,0.6312499999802734,4935.407678842545,82.25679464737574,24.0,0.5951219123415938,
mnist,2560,4.0,0.0,4.0,3.0,0.8062248995943463,0.8062248995943463,56423.021968603134,940.3836994767188,26.0,0.6222851622080336,
mnist,1280,5.0,0.0,4.0,3.0,0.8921874999930298,0.8921874999930298,27819.48908519745,463.6581514199575,18.0,0.6132938110780487,
mnist,320,6.0,0.0,3.0,3.0,0.9749999999695312,0.6468749999797851,4962.686213970184,82.71143689950307,12.0,0.5129006150204594,
mnist,320,6.0,0.0,4.0,1.0,0.6124999999808594,0.6124999999808594,6458.279897928238,107.63799829880396,19.0,0.64364784953967,
mnist,5120,3.0,0.0,4.0,2.0,0.8719879518028515,0.8719879518028515,94492.14518690108,1574.8690864483517,17.0,0.6220859205710659,
mnist,320,6.0,0.0,4.0,2.0,0.8687499999728515,0.8687499999728515,6154.72713637352,102.57878560622534,19.0,0.625401591043002,
mnist,5120,4.0,0.0,3.0,3.0,0.9718875501959244,0.6691767068239499,58055.72100901604,967.5953501502672,9.0,0.5151420718421412,
mnist,320,6.0,0.0,4.0,3.0,0.8468749999735351,0.8468749999735351,6282.39221906662,104.70653698444366,19.0,0.5924467766099804,
mnist,2560,5.0,0.0,3.0,2.0,0.9603413654570264,0.6094377510009567,30567.073565006256,509.4512260834376,16.0,0.5875570702529844,
mnist,2560,5.0,0.0,3.0,3.0,0.9779116465814364,0.6731927710809579,32360.20600247383,539.3367667078971,16.0,0.5153607353547947,
mnist,640,6.0,0.0,3.0,1.0,0.9484374999851808,0.6624999999896485,8802.110315084457,146.70183858474095,12.0,0.5961957538034743,
mnist,640,6.0,0.0,3.0,3.0,0.9593749999850096,0.6703124999895264,8585.826597690582,143.09710996150972,14.0,0.5125840404549615,
mnist,5120,4.0,0.0,3.0,2.0,0.9226907630475768,0.7008032128478876,67071.59548854828,1117.859924809138,11.0,0.6003238219011027,
mnist,640,6.0,0.0,3.0,2.0,0.7249999999886718,0.6015624999906006,11374.944216012957,189.5824036002159,18.0,0.6091853076124374,
mnist,640,6.0,0.0,4.0,1.0,0.5968749999906738,0.5968749999906738,11279.457335472109,187.99095559120173,18.0,0.6411345857281643,
mnist,640,6.0,0.0,4.0,2.0,0.9078124999858154,0.9078124999858154,12459.904330968857,207.66507218281427,12.0,0.6273731034896097,
mnist,2560,5.0,0.0,4.0,1.0,0.5983935742941848,0.5983935742941848,39921.51048207283,665.3585080345472,12.0,0.6391593778108426,
mnist,2560,5.0,0.0,3.0,1.0,0.9618473895534044,0.6772088353379658,43233.40911102295,720.5568185170491,21.0,0.5982763570523734,
mnist,640,6.0,0.0,4.0,3.0,0.8562499999866211,0.8562499999866211,14270.232380867004,237.8372063477834,20.0,0.5894225966838291,
mnist,1280,6.0,0.0,3.0,2.0,0.8085937499936829,0.6437499999949707,14085.549629926682,234.759160498778,12.0,0.6028385269594779,
mnist,5120,4.0,0.0,3.0,1.0,0.9457831325253726,0.6752008032094619,76795.19047641754,1279.9198412736257,17.0,0.5974596750724567,
mnist,1280,6.0,0.0,3.0,1.0,0.96640624999245,0.6562499999948731,15880.04905629158,264.66748427152635,21.0,0.5978190189553287,
mnist,1280,6.0,0.0,3.0,3.0,0.9843749999923096,0.6695312499947693,19968.3692650795,332.80615441799165,11.0,0.5148052355606868,
mnist,5120,3.0,0.0,4.0,3.0,0.7058232931691475,0.7058232931691475,115990.11240124702,1933.168540020784,37.0,0.6089429265248804,
mnist,20,7.0,0.0,3.0,1.0,0.8499999995749999,0.549999999725,321.4343762397766,5.357239603996277,13.0,0.6072696408573302,
mnist,20,7.0,0.0,3.0,2.0,0.8499999995749999,0.49999999975,311.4528548717499,5.190880914529164,13.0,0.6198661824941746,
mnist,2560,5.0,0.0,4.0,2.0,0.8805220883489934,0.8805220883489934,52275.654030799866,871.2609005133311,32.0,0.63605596363296,
mnist,20,7.0,0.0,3.0,3.0,0.8499999995749999,0.49999999975,317.3414783477783,5.289024639129639,13.0,0.5294514981245183,
mnist,20,7.0,0.0,4.0,1.0,0.549999999725,0.549999999725,315.1735956668854,5.252893261114756,47.0,0.6622721847560679,
mnist,20,7.0,0.0,4.0,2.0,0.649999999675,0.649999999675,402.0246014595032,6.700410024325053,13.0,0.6642201533572744,
mnist,20,7.0,0.0,4.0,3.0,0.749999999625,0.749999999625,346.63934230804443,5.77732237180074,28.0,0.6026477047768012,
mnist,40,7.0,0.0,3.0,1.0,0.92499999976875,0.6499999998375,511.1774713993073,8.519624523321788,13.0,0.5958922766149429,
mnist,40,7.0,0.0,3.0,2.0,0.59999999985,0.62499999984375,479.4283347129822,7.9904722452163695,13.0,0.6144001667155634,
mnist,40,7.0,0.0,3.0,3.0,0.92499999976875,0.72499999981875,520.0601568222046,8.667669280370076,24.0,0.5176232131021576,
mnist,40,7.0,0.0,4.0,1.0,0.6999999998249999,0.6999999998249999,621.8929600715637,10.364882667859396,48.0,0.6620221368803548,
mnist,1280,6.0,0.0,4.0,1.0,0.6007812499953065,0.6007812499953065,24674.3102285862,411.23850380977,15.0,0.6384520333955478,
mnist,40,7.0,0.0,4.0,2.0,0.8499999997875,0.8499999997875,735.6767792701721,12.261279654502868,13.0,0.666015932393463,
mnist,40,7.0,0.0,4.0,3.0,0.72499999981875,0.72499999981875,689.222249507904,11.4870374917984,59.0,0.6330902044382469,
mnist,2560,5.0,0.0,4.0,3.0,0.8463855421644259,0.8463855421644259,53041.6178290844,884.0269638180732,9.0,0.6131355792260061,
mnist,80,7.0,0.0,3.0,1.0,0.9624999998796876,0.724999999909375,1275.0520639419556,21.25086773236593,8.0,0.5912249016022749,
mnist,80,7.0,0.0,3.0,2.0,0.5999999999250001,0.54999999993125,1014.6724271774292,16.91120711962382,17.0,0.6137483184762524,
mnist,80,7.0,0.0,3.0,3.0,0.94999999988125,0.7499999999062501,975.6083137989044,16.260138563315074,37.0,0.5025985419121966,
mnist,80,7.0,0.0,4.0,1.0,0.6124999999234375,0.6124999999234375,1228.7878637313845,20.479797728856404,25.0,0.6469532179023768,
mnist,80,7.0,0.0,4.0,2.0,0.974999999878125,0.974999999878125,1577.932214975357,26.298870249589285,17.0,0.6292689972329335,
mnist,80,7.0,0.0,4.0,3.0,0.874999999890625,0.874999999890625,1484.9348537921906,24.748914229869843,33.0,0.6101705568266141,
mnist,1280,6.0,0.0,4.0,3.0,0.8554687499933167,0.8554687499933167,25444.456715345383,424.0742785890897,18.0,0.5920960074616906,
mnist,160,7.0,0.0,3.0,1.0,0.9624999999398436,0.6687499999582031,1958.4482471942904,32.64080411990484,21.0,0.5950637065992372,
mnist,160,7.0,0.0,3.0,2.0,0.69999999995625,0.5812499999636719,1945.5939736366272,32.42656622727712,32.0,0.6107100849962009,
mnist,160,7.0,0.0,3.0,3.0,0.9812499999386718,0.7312499999542968,2646.198737859726,44.1033122976621,17.0,0.5291390263703558,
mnist,160,7.0,0.0,4.0,1.0,0.6124999999617187,0.6124999999617187,2942.0340490341187,49.03390081723531,21.0,0.6476299285483902,
mnist,160,7.0,0.0,4.0,2.0,0.9062499999433592,0.9062499999433592,3232.9704411029816,53.88284068504969,21.0,0.6278513049686938,
mnist,160,7.0,0.0,4.0,3.0,0.9437499999410156,0.9437499999410156,2966.7604529857635,49.446007549762726,27.0,0.5992380243165287,
mnist,1280,6.0,0.0,4.0,2.0,0.905468749992926,0.905468749992926,30780.326179504395,513.0054363250732,12.0,0.6235211628626749,
mnist,320,7.0,0.0,3.0,1.0,0.9656249999698242,0.6312499999802734,4127.766517877579,68.79610863129298,24.0,0.5951221233420363,
mnist,320,7.0,0.0,3.0,2.0,0.9218749999711914,0.5468749999829101,3949.273259878159,65.8212209979693,19.0,0.5875148385579569,
mnist,320,7.0,0.0,3.0,3.0,0.981249999969336,0.6687499999791016,5561.396465778351,92.68994109630584,9.0,0.5258891808822324,
mnist,320,7.0,0.0,4.0,1.0,0.6124999999808594,0.6124999999808594,6482.858080625534,108.04763467709223,19.0,0.6436485367812242,
mnist,2560,6.0,0.0,3.0,2.0,0.9603413654570264,0.6094377510009567,33157.40373110771,552.6233955184618,16.0,0.5875566613651212,
mnist,320,7.0,0.0,4.0,2.0,0.7749999999757813,0.7749999999757813,6326.786084651947,105.44643474419912,37.0,0.6408879112997049,
mnist,2560,6.0,0.0,3.0,1.0,0.9618473895534044,0.6772088353379658,36623.568053007126,610.3928008834521,21.0,0.598276219365644,
mnist,320,7.0,0.0,4.0,3.0,0.8562499999732421,0.8562499999732421,7493.971482038498,124.89952470064163,32.0,0.5962999367527584,
mnist,640,7.0,0.0,3.0,1.0,0.9484374999851808,0.6624999999896485,8618.968214988708,143.6494702498118,12.0,0.5961957877781219,
mnist,5120,4.0,0.0,4.0,1.0,0.585843373491035,0.585843373491035,101390.85060691832,1689.8475101153056,17.0,0.6391913682209883,
mnist,640,7.0,0.0,3.0,2.0,0.9156249999856934,0.7031249999890137,8745.607845306396,145.76013075510662,31.0,0.60325959681522,
mnist,5120,4.0,0.0,4.0,3.0,0.7670682730885188,0.7670682730885188,99091.9054479599,1651.5317574659982,22.0,0.6217189967620151,
mnist,5120,5.0,0.0,3.0,1.0,0.9452811244932466,0.6752008032094619,69004.91566896439,1150.0819278160732,17.0,0.5974596047389759,
mnist,5120,4.0,0.0,4.0,2.0,0.9031124497946632,0.9031124497946632,100782.87973546982,1679.7146622578302,17.0,0.636195308564851,
mnist,5120,5.0,0.0,3.0,2.0,0.9558232931678924,0.6089357429688307,68213.54513502121,1136.8924189170202,17.0,0.5867513447988494,
mnist,640,7.0,0.0,3.0,3.0,0.957812499985034,0.671874999989502,8599.971523284912,143.3328587214152,14.0,0.5126269254008303,
mnist,640,7.0,0.0,4.0,1.0,0.5968749999906738,0.5968749999906738,11742.91810464859,195.7153017441432,18.0,0.6411347871918637,
mnist,2560,6.0,0.0,4.0,1.0,0.5983935742941848,0.5983935742941848,43771.82301688194,729.5303836146991,16.0,0.6391573339675732,
mnist,640,7.0,0.0,4.0,2.0,0.8765624999863036,0.8765624999863036,13042.254214525225,217.3709035754204,27.0,0.6250013327500916,
mnist,640,7.0,0.0,4.0,3.0,0.8703124999864014,0.8703124999864014,13130.800565242767,218.84667608737945,46.0,0.5944679963495829,
mnist,2560,6.0,0.0,3.0,3.0,0.9774096385493104,0.673694779113084,47744.090242147446,795.7348373691241,16.0,0.5153564208725826,
mnist,5120,5.0,0.0,3.0,3.0,0.9533132530072626,0.6470883534104063,77461.77921772003,1291.0296536286671,17.0,0.5211895108212782,
mnist,1280,7.0,0.0,3.0,2.0,0.9414062499926452,0.5578124999956421,15310.19538283348,255.16992304722467,18.0,0.5883005988551909,
mnist,1280,7.0,0.0,3.0,1.0,0.96640624999245,0.6562499999948731,15870.609214544296,264.5101535757383,21.0,0.5978191292239214,
mnist,2560,6.0,0.0,4.0,3.0,0.8855421686702534,0.8855421686702534,47793.57875585556,796.559645930926,16.0,0.5891803240753049,
mnist,20,8.0,0.0,3.0,1.0,0.8499999995749999,0.549999999725,195.73362827301025,3.2622271378835044,13.0,0.6074886485877046,
mnist,20,8.0,0.0,3.0,2.0,0.8499999995749999,0.49999999975,200.1064410209656,3.335107350349426,13.0,0.6198829868316676,
mnist,20,8.0,0.0,3.0,3.0,0.749999999625,0.549999999725,206.1017246246338,3.4350287437438967,32.0,0.5216988662256999,
mnist,20,8.0,0.0,4.0,1.0,0.549999999725,0.549999999725,273.23086500167847,4.553847750027974,60.0,0.6612640282185622,
mnist,20,8.0,0.0,4.0,2.0,0.6999999996499999,0.6999999996499999,288.2952902317047,4.804921503861745,32.0,0.6483471074438852,
mnist,20,8.0,0.0,4.0,3.0,0.549999999725,0.549999999725,301.9849991798401,5.0330833196640015,29.0,0.6450424495094413,
mnist,1280,7.0,0.0,3.0,3.0,0.9757812499923768,0.649218749994928,17202.669695854187,286.7111615975698,12.0,0.5215857350785515,
mnist,2560,6.0,0.0,4.0,2.0,0.9016064256982852,0.9016064256982852,50191.86695146561,836.5311158577601,7.0,0.6367909103607099,
mnist,40,8.0,0.0,3.0,1.0,0.97499999975625,0.62499999984375,403.7003130912781,6.728338551521301,13.0,0.5975154380496643,
mnist,40,8.0,0.0,3.0,2.0,0.7499999998125,0.59999999985,412.7463011741638,6.879105019569397,13.0,0.610283990945833,
mnist,40,8.0,0.0,3.0,3.0,0.92499999976875,0.72499999981875,458.9595677852631,7.649326129754384,24.0,0.5176280723708219,
mnist,40,8.0,0.0,4.0,1.0,0.6999999998249999,0.6999999998249999,538.1622233390808,8.96937038898468,48.0,0.6618938366904148,
mnist,40,8.0,0.0,4.0,2.0,0.77499999980625,0.77499999980625,565.4465756416321,9.424109594027202,13.0,0.6606376634376695,
mnist,40,8.0,0.0,4.0,3.0,0.9499999997625,0.9499999997625,671.0573432445526,11.184289054075878,13.0,0.6150866137397373,
mnist,80,8.0,0.0,3.0,1.0,0.9624999998796876,0.724999999909375,821.0253512859344,13.683755854765574,8.0,0.5912237560010025,
mnist,80,8.0,0.0,3.0,2.0,0.8999999998875001,0.6749999999156251,823.565798997879,13.726096649964653,17.0,0.6089434229566427,
mnist,80,8.0,0.0,3.0,3.0,0.9624999998796876,0.6999999999125001,925.2802393436432,15.421337322394054,17.0,0.5010053216784784,
mnist,5120,5.0,0.0,4.0,1.0,0.5853413654589089,0.5853413654589089,83483.44723153114,1391.3907871921858,11.0,0.6391894066321286,
mnist,80,8.0,0.0,4.0,1.0,0.6124999999234375,0.6124999999234375,1092.0264296531675,18.20044049421946,25.0,0.6469204740907735,
mnist,80,8.0,0.0,4.0,2.0,0.9374999998828126,0.9374999998828126,1448.6975960731506,24.14495993455251,36.0,0.6341142403286795,
mnist,80,8.0,0.0,4.0,3.0,0.7749999999031251,0.7749999999031251,1376.7153408527374,22.94525568087896,22.0,0.5987237756695977,
mnist,160,8.0,0.0,3.0,2.0,0.8624999999460937,0.6374999999601563,1628.8532917499542,27.14755486249924,21.0,0.6073380463935828,
mnist,160,8.0,0.0,3.0,1.0,0.9624999999398436,0.6687499999582031,2327.894470691681,38.79824117819468,21.0,0.5950655376539248,
mnist,160,8.0,0.0,3.0,3.0,0.9874999999382812,0.7062499999558594,1817.177447795868,30.2862907965978,17.0,0.5101459264436408,
mnist,1280,7.0,0.0,4.0,1.0,0.6007812499953065,0.6007812499953065,21803.713447332382,363.3952241222064,15.0,0.6384519344518375,
mnist,160,8.0,0.0,4.0,1.0,0.6124999999617187,0.6124999999617187,2765.783971786499,46.096399529774985,21.0,0.6476288586450166,
mnist,160,8.0,0.0,4.0,2.0,0.9062499999433592,0.9062499999433592,2279.734045505524,37.99556742509206,21.0,0.6279194789732443,
mnist,160,8.0,0.0,4.0,3.0,0.9124999999429688,0.9124999999429688,3615.814639806747,60.26357733011245,49.0,0.5939504211769818,
mnist,320,8.0,0.0,3.0,1.0,0.9656249999698242,0.6312499999802734,3331.313136577606,55.52188560962677,16.0,0.5951147913746826,
mnist,5120,6.0,0.0,3.0,2.0,0.9226907630475768,0.7008032128478876,58754.50963759422,979.2418272932372,11.0,0.6003237879264551,
mnist,1280,7.0,0.0,4.0,3.0,0.8578124999932984,0.8578124999932984,25202.079043149948,420.0346507191658,37.0,0.5920761948777673,
mnist,320,8.0,0.0,3.0,2.0,0.8937499999720703,0.6374999999800781,5105.636242389679,85.09393737316131,19.0,0.6031967252304405,
mnist,320,8.0,0.0,4.0,1.0,0.6124999999808594,0.6124999999808594,4346.902396440506,72.44837327400843,19.0,0.6436468481816376,
mnist,320,8.0,0.0,3.0,3.0,0.9781249999694336,0.6437499999798828,4818.660571098328,80.31100951830545,24.0,0.5098419928391394,
mnist,5120,6.0,0.0,3.0,3.0,0.9718875501959244,0.6691767068239499,58872.32990336418,981.205498389403,11.0,0.5151417815675211,
mnist,1280,7.0,0.0,4.0,2.0,0.905468749992926,0.905468749992926,28584.44330596924,476.4073884328207,12.0,0.6235047322462962,
mnist,2560,7.0,0.0,3.0,1.0,0.9618473895534044,0.6772088353379658,27952.217987775803,465.8702997962634,21.0,0.5982763451314445,
mnist,320,8.0,0.0,4.0,3.0,0.8562499999732421,0.8562499999732421,4985.9651074409485,83.09941845734915,31.0,0.5923007923179545,
mnist,320,8.0,0.0,4.0,2.0,0.899999999971875,0.899999999971875,6780.141633987427,113.00236056645711,24.0,0.627616223673281,
mnist,640,8.0,0.0,3.0,1.0,0.9484374999851808,0.6624999999896485,6760.118678569794,112.66864464282988,12.0,0.5961956930067367,
mnist,2560,7.0,0.0,3.0,2.0,0.9603413654570264,0.6094377510009567,32355.6222486496,539.2603708108267,16.0,0.5875569480634626,
mnist,640,8.0,0.0,3.0,2.0,0.9156249999856934,0.7031249999890137,8789.952120780945,146.49920201301575,14.0,0.6032441127206004,
mnist,640,8.0,0.0,3.0,3.0,0.951562499985132,0.6578124999897217,8411.187155485153,140.18645259141925,22.0,0.5068847486297561,
mnist,5120,5.0,0.0,4.0,3.0,0.7926706827269445,0.7926706827269445,101461.83983111382,1691.0306638518969,11.0,0.6124304872739275,
mnist,640,8.0,0.0,4.0,1.0,0.5968749999906738,0.5968749999906738,8987.156575202942,149.78594292004902,18.0,0.6411348271269757,
mnist,640,8.0,0.0,4.0,3.0,0.8624999999865234,0.8624999999865234,10815.785630702972,180.26309384504955,20.0,0.5921717852261523,
mnist,640,8.0,0.0,4.0,2.0,0.9078124999858154,0.9078124999858154,12308.475680828094,205.1412613471349,20.0,0.6273806029460153,
mnist,5120,5.0,0.0,4.0,2.0,0.9026104417625372,0.9026104417625372,106677.38319778442,1777.9563866297403,17.0,0.6361939901101084,
mnist,2560,7.0,0.0,3.0,3.0,0.9774096385493104,0.673694779113084,40230.206634521484,670.5034439086915,16.0,0.5153580588082209,
mnist,1280,8.0,0.0,3.0,2.0,0.8085937499936829,0.6437499999949707,15303.052246332169,255.0508707722028,12.0,0.602837505931913,
mnist,1280,8.0,0.0,3.0,1.0,0.96640624999245,0.6562499999948731,16879.280844449997,281.3213474075,12.0,0.5978175848675753,
mnist,1280,8.0,0.0,3.0,3.0,0.9749999999923828,0.6617187499948304,17443.700300216675,290.7283383369446,23.0,0.5088257861097639,
mnist,5120,6.0,0.0,3.0,1.0,0.9457831325253726,0.6752008032094619,82108.89041614532,1368.4815069357553,17.0,0.5974594575155033,
mnist,1280,8.0,0.0,4.0,1.0,0.6007812499953065,0.6007812499953065,19728.750165224075,328.8125027537346,12.0,0.6384518951127718,
mnist,20,9.0,0.0,3.0,1.0,0.949999999525,0.549999999725,228.47960567474365,3.807993427912394,13.0,0.6055610558343044,
mnist,20,9.0,0.0,3.0,2.0,0.6999999996499999,0.549999999725,234.6776704788208,3.9112945079803465,32.0,0.5894529768857544,
mnist,20,9.0,0.0,3.0,3.0,0.749999999625,0.549999999725,233.06365036964417,3.884394172827403,32.0,0.5216949165239159,
mnist,20,9.0,0.0,4.0,1.0,0.449999999775,0.449999999775,299.0554633140564,4.98425772190094,60.0,0.6650706085217585,
mnist,20,9.0,0.0,4.0,2.0,0.6999999996499999,0.6999999996499999,314.6170461177826,5.243617435296376,13.0,0.672257902286094,
mnist,20,9.0,0.0,4.0,3.0,0.749999999625,0.749999999625,334.75670409202576,5.579278401533762,28.0,0.5979842671742286,
mnist,40,9.0,0.0,3.0,1.0,0.92499999976875,0.67499999983125,459.0715491771698,7.651192486286163,24.0,0.59522263333222,
mnist,40,9.0,0.0,3.0,2.0,0.59999999985,0.62499999984375,464.33702278137207,7.738950379689535,13.0,0.6143976680888551,
mnist,2560,7.0,0.0,4.0,1.0,0.5983935742941848,0.5983935742941848,51861.35439896584,864.3559066494306,16.0,0.639156958458311,
mnist,40,9.0,0.0,3.0,3.0,0.99999999975,0.6499999998375,466.9841442108154,7.783069070180257,24.0,0.5146948506141432,
mnist,40,9.0,0.0,4.0,1.0,0.6999999998249999,0.6999999998249999,628.7552478313446,10.47925413052241,53.0,0.6612506340281078,
mnist,40,9.0,0.0,4.0,2.0,0.9499999997625,0.9499999997625,631.4361910820007,10.523936518033343,13.0,0.6629641501438217,
mnist,40,9.0,0.0,4.0,3.0,0.7499999998125,0.7499999998125,704.5624816417694,11.742708027362823,42.0,0.6166675500520176,
mnist,1280,8.0,0.0,4.0,2.0,0.905468749992926,0.905468749992926,22317.305679559708,371.9550946593285,12.0,0.6234970939110682,
mnist,80,9.0,0.0,3.0,1.0,0.9124999998859376,0.5624999999296876,924.1843910217284,15.403073183695476,17.0,0.5868565677862926,
mnist,80,9.0,0.0,3.0,2.0,0.5999999999250001,0.54999999993125,982.4833736419678,16.374722894032796,17.0,0.6137481396623181,
mnist,80,9.0,0.0,3.0,3.0,0.94999999988125,0.7499999999062501,919.770836353302,15.3295139392217,37.0,0.5026222219434932,
mnist,2560,7.0,0.0,4.0,2.0,0.8925702811200172,0.8925702811200172,49945.460946798325,832.4243491133054,9.0,0.6231396895622707,
mnist,80,9.0,0.0,4.0,1.0,0.6124999999234375,0.6124999999234375,1210.5972340106964,20.17662056684494,26.0,0.6469122021581726,
mnist,80,9.0,0.0,4.0,2.0,0.9374999998828126,0.9374999998828126,1419.4532401561737,23.657554002602897,17.0,0.6420823054703149,
mnist,80,9.0,0.0,4.0,3.0,0.8124999998984376,0.8124999998984376,1225.5566112995148,20.42594352165857,35.0,0.600104836746543,
mnist,160,9.0,0.0,3.0,1.0,0.9624999999398436,0.6687499999582031,1724.2951741218567,28.738252902030943,21.0,0.5951007037982936,
mnist,160,9.0,0.0,3.0,2.0,0.8624999999460937,0.6374999999601563,1915.0112500190733,31.91685416698456,21.0,0.6073383545495963,
mnist,160,9.0,0.0,3.0,3.0,0.9749999999390624,0.69999999995625,2836.444744825363,47.27407908042272,32.0,0.5176700693045369,
mnist,160,9.0,0.0,4.0,1.0,0.6124999999617187,0.6124999999617187,3076.147438764572,51.269123979409535,21.0,0.6476315950942582,
mnist,160,9.0,0.0,4.0,2.0,0.9062499999433592,0.9062499999433592,3047.899820327759,50.79833033879598,21.0,0.6280030822361404,
mnist,1280,8.0,0.0,4.0,3.0,0.8570312499933045,0.8570312499933045,27627.9888253212,460.46648042202,18.0,0.5920827633096215,
mnist,160,9.0,0.0,4.0,3.0,0.9374999999414062,0.9374999999414062,3619.2823300361633,60.32137216726939,21.0,0.5988835590703501,
mnist,2560,7.0,0.0,4.0,3.0,0.8514056224856857,0.8514056224856857,56250.41310834885,937.5068851391476,26.0,0.5925961494422652,
mnist,5120,6.0,0.0,4.0,1.0,0.585843373491035,0.585843373491035,94521.11656451224,1575.351942741871,15.0,0.6391906803833877,
mnist,320,9.0,0.0,3.0,1.0,0.9406249999706054,0.5718749999821289,4090.341257333756,68.17235428889593,16.0,0.5949938535504372,
mnist,320,9.0,0.0,3.0,2.0,0.9218749999711914,0.5468749999829101,4869.953589439392,81.1658931573232,19.0,0.5875120317752346,
mnist,320,9.0,0.0,3.0,3.0,0.981249999969336,0.6312499999802734,4318.611448287964,71.97685747146606,38.0,0.5246914636924809,
mnist,5120,6.0,0.0,4.0,2.0,0.8719879518028515,0.8719879518028515,96552.48414349556,1609.2080690582593,9.0,0.6220819693791637,
mnist,2560,8.0,0.0,3.0,1.0,0.9618473895534044,0.6772088353379658,31458.73314976692,524.3122191627821,13.0,0.5982754945731634,
mnist,2560,8.0,0.0,3.0,2.0,0.9011044176661592,0.6992971887515096,32187.37228536606,536.456204756101,15.0,0.6015181708312379,
mnist,320,9.0,0.0,4.0,1.0,0.6124999999808594,0.6124999999808594,5672.104533672333,94.53507556120556,19.0,0.6436502295531358,
mnist,2560,8.0,0.0,3.0,3.0,0.9623493975855304,0.665662650599068,31573.00874519348,526.2168124198913,16.0,0.5101355391720872,
mnist,320,9.0,0.0,4.0,2.0,0.8968749999719726,0.8968749999719726,5453.54626750946,90.89243779182434,9.0,0.6373030215302629,
mnist,320,9.0,0.0,4.0,3.0,0.8562499999732421,0.8562499999732421,6573.273982524872,109.55456637541452,22.0,0.596293584685765,
mnist,640,9.0,0.0,3.0,1.0,0.951562499985132,0.6203124999903076,7590.624691963196,126.51041153271991,12.0,0.5958138543274291,
mnist,640,9.0,0.0,3.0,3.0,0.9718749999848144,0.664062499989624,7804.901808738708,130.0816968123118,47.0,0.5159666553059068,
mnist,640,9.0,0.0,3.0,2.0,0.9531249999851074,0.5859374999908448,10092.097968816755,168.20163281361263,20.0,0.58721729098833,
mnist,640,9.0,0.0,4.0,2.0,0.917187499985669,0.917187499985669,9658.215885162354,160.9702647527059,20.0,0.6375002127786209,
mnist,5120,7.0,0.0,3.0,1.0,0.9457831325253726,0.6752008032094619,69432.23023176193,1157.2038371960325,17.0,0.5974596697080388,
mnist,640,9.0,0.0,4.0,1.0,0.5968749999906738,0.5968749999906738,12241.3976457119,204.0232940951983,18.0,0.6411383652586895,
mnist,640,9.0,0.0,4.0,3.0,0.818749999987207,0.818749999987207,11684.987399101256,194.74978998502093,20.0,0.5956388723757182,
mnist,5120,7.0,0.0,3.0,2.0,0.9558232931678924,0.6089357429688307,72382.4392926693,1206.373988211155,17.0,0.5867510616767867,
mnist,2560,8.0,0.0,4.0,2.0,0.8925702811200172,0.8925702811200172,43609.30041861534,726.8216736435891,16.0,0.6231348842358091,
mnist,2560,8.0,0.0,4.0,1.0,0.5983935742941848,0.5983935742941848,46352.301396369934,772.5383566061656,13.0,0.6391568034862347,
mnist,1280,9.0,0.0,3.0,1.0,0.9421874999926392,0.5992187499953187,15070.666181087494,251.1777696847916,12.0,0.5972561967326233,
mnist,1280,9.0,0.0,3.0,3.0,0.9749999999923828,0.6617187499948304,15240.240639448166,254.00401065746945,12.0,0.508826462622482,
mnist,1280,9.0,0.0,3.0,2.0,0.9414062499926452,0.5578124999956421,16503.9330534935,275.0655508915583,18.0,0.5883007591916853,
mnist,2560,8.0,0.0,4.0,3.0,0.8855421686702534,0.8855421686702534,46634.84619832039,777.2474366386731,57.0,0.5899063420272672,
mnist,20,10.0,0.0,3.0,1.0,0.7999999996,0.549999999725,313.7181227207184,5.22863537867864,13.0,0.6017949619860516,
mnist,20,10.0,0.0,3.0,2.0,0.6999999996499999,0.549999999725,245.59930038452148,4.093321673075358,32.0,0.5894574096831842,
mnist,20,10.0,0.0,3.0,3.0,0.8499999995749999,0.549999999725,279.9830186367035,4.666383643945058,13.0,0.5202735001227634,
mnist,20,10.0,0.0,4.0,1.0,0.549999999725,0.549999999725,351.87763595581055,5.864627265930176,60.0,0.661317494776992,
mnist,20,10.0,0.0,4.0,2.0,0.649999999675,0.649999999675,370.78775811195374,6.179795968532562,29.0,0.6593127098363212,
mnist,5120,7.0,0.0,3.0,3.0,0.9718875501959244,0.6912650602374937,78786.936804533,1313.1156134088835,9.0,0.5248912608613253,
mnist,20,10.0,0.0,4.0,3.0,0.6999999996499999,0.6999999996499999,370.6447424888611,6.177412374814352,32.0,0.6031322726571893,
mnist,40,10.0,0.0,3.0,1.0,0.92499999976875,0.6499999998375,517.3657958507538,8.62276326417923,13.0,0.5958536385000234,
mnist,40,10.0,0.0,3.0,2.0,0.7499999998125,0.6499999998375,570.3054802417755,9.505091337362924,23.0,0.615312589253139,
mnist,40,10.0,0.0,3.0,3.0,0.9499999997625,0.72499999981875,524.2591779232025,8.737652965386708,23.0,0.5100355781829808,
mnist,40,10.0,0.0,4.0,1.0,0.6999999998249999,0.6999999998249999,685.0968308448792,11.41828051408132,53.0,0.662061096860356,
mnist,40,10.0,0.0,4.0,2.0,0.899999999775,0.899999999775,693.9035658836365,11.56505943139394,13.0,0.6636932055483025,
mnist,40,10.0,0.0,4.0,3.0,0.77499999980625,0.77499999980625,767.676807641983,12.794613460699717,23.0,0.6174705772048318,
mnist,80,10.0,0.0,3.0,1.0,0.94999999988125,0.7374999999078126,867.8282494544983,14.463804157574971,44.0,0.5913818579172958,
mnist,80,10.0,0.0,3.0,2.0,0.8999999998875001,0.6624999999171876,1068.7498569488523,17.81249761581421,26.0,0.6089472525550691,
mnist,80,10.0,0.0,3.0,3.0,0.974999999878125,0.7374999999078126,891.0109264850616,14.85018210808436,8.0,0.5224226468148471,
mnist,80,10.0,0.0,4.0,1.0,0.6124999999234375,0.6124999999234375,1364.8793008327484,22.74798834721248,35.0,0.6469263356115399,
mnist,1280,9.0,0.0,4.0,1.0,0.6007812499953065,0.6007812499953065,24638.51203489304,410.6418672482173,12.0,0.6384523481080723,
mnist,80,10.0,0.0,4.0,2.0,0.9249999998843752,0.9249999998843752,1412.548318862915,23.542471981048585,17.0,0.6422163992317423,
mnist,80,10.0,0.0,4.0,3.0,0.7749999999031251,0.7749999999031251,1436.6150679588318,23.94358446598053,22.0,0.5987149738517049,
mnist,160,10.0,0.0,3.0,2.0,0.8624999999460937,0.6374999999601563,2035.5898706913,33.92649784485499,17.0,0.60733942445297,
mnist,160,10.0,0.0,3.0,1.0,0.9624999999398436,0.6687499999582031,2473.4311017990112,41.223851696650186,32.0,0.5951052665338509,
mnist,160,10.0,0.0,3.0,3.0,0.9874999999382812,0.7062499999558594,1706.242970943451,28.43738284905752,17.0,0.5101261260786708,
mnist,5120,6.0,0.0,4.0,3.0,0.8664658634494656,0.8664658634494656,121450.5779414177,2024.176299023628,44.0,0.5889440971601428,
mnist,160,10.0,0.0,4.0,1.0,0.6124999999617187,0.6124999999617187,2605.593144655228,43.42655241092046,21.0,0.6476292305780001,
mnist,1280,9.0,0.0,4.0,3.0,0.8578124999932984,0.8578124999932984,25787.95089030265,429.7991815050443,37.0,0.5920783984614846,
mnist,1280,9.0,0.0,4.0,2.0,0.905468749992926,0.905468749992926,29482.950999498367,491.3825166583061,18.0,0.6235096168469355,
mnist,160,10.0,0.0,4.0,3.0,0.8624999999460937,0.8624999999460937,2789.130556344986,46.48550927241643,39.0,0.6285823505724003,
mnist,160,10.0,0.0,4.0,2.0,0.9062499999433592,0.9062499999433592,3415.9034390449524,56.93172398408254,21.0,0.6280762719715485,
mnist,320,10.0,0.0,3.0,1.0,0.9656249999698242,0.6312499999802734,4468.292184114456,74.4715364019076,24.0,0.5951221877150525,
mnist,2560,9.0,0.0,3.0,1.0,0.9563253012000184,0.6260040160611144,27733.181265831,462.2196877638499,13.0,0.5973686063266308,
mnist,320,10.0,0.0,3.0,2.0,0.8968749999719726,0.6374999999800781,3703.572035551071,61.726200592517856,24.0,0.6032034277727453,
mnist,320,10.0,0.0,3.0,3.0,0.9874999999691406,0.6437499999798828,4428.827338457108,73.81378897428513,24.0,0.5208369549946148,
mnist,320,10.0,0.0,4.0,2.0,0.8968749999719726,0.8968749999719726,5109.675932645798,85.16126554409662,19.0,0.6373691934147974,
mnist,320,10.0,0.0,4.0,3.0,0.8468749999735351,0.8468749999735351,6775.5337862968445,112.9255631049474,28.0,0.5916277169996391,
mnist,320,10.0,0.0,4.0,1.0,0.6124999999808594,0.6124999999808594,7424.242470026016,123.7373745004336,19.0,0.6436479192771043,
mnist,5120,8.0,0.0,3.0,1.0,0.9452811244932466,0.6752008032094619,66354.76999926567,1105.9128333210945,11.0,0.5974589180934681,
mnist,640,10.0,0.0,3.0,2.0,0.917187499985669,0.7031249999890137,6595.984431505203,109.93307385842006,14.0,0.6032474714423335,
mnist,5120,7.0,0.0,4.0,1.0,0.585843373491035,0.585843373491035,97981.56205892564,1633.026034315427,15.0,0.6391889423119459,
mnist,640,10.0,0.0,3.0,3.0,0.9593749999850096,0.6703124999895264,7061.488263845444,117.69147106409072,14.0,0.5125781181374568,
mnist,2560,9.0,0.0,3.0,3.0,0.9653614457782864,0.6596385542135561,32245.097766160965,537.4182961026828,26.0,0.5199322754124359,
mnist,640,10.0,0.0,3.0,1.0,0.9484374999851808,0.6624999999896485,8961.4780626297,149.357967710495,20.0,0.5961998098995512,
mnist,2560,9.0,0.0,3.0,2.0,0.9603413654570264,0.6094377510009567,35793.802662849426,596.5633777141571,16.0,0.58755686461696,
mnist,5120,8.0,0.0,3.0,3.0,0.9568273092321444,0.6636546184705641,67826.95012879372,1130.4491688132289,17.0,0.5093860137452667,
mnist,640,10.0,0.0,4.0,1.0,0.5968749999906738,0.5968749999906738,10203.791726589205,170.06319544315338,18.0,0.641134703745361,
mnist,5120,7.0,0.0,4.0,3.0,0.8785140562204894,0.8785140562204894,101043.94563150406,1684.0657605250676,28.0,0.5950766873348059,
mnist,5120,7.0,0.0,4.0,2.0,0.8719879518028515,0.8719879518028515,101864.87617516518,1697.7479362527529,9.0,0.6220784729707013,
mnist,640,10.0,0.0,4.0,2.0,0.8765624999863036,0.8765624999863036,10168.041534900663,169.4673589150111,27.0,0.6250130545995328,
mnist,2560,9.0,0.0,4.0,1.0,0.5978915662620589,0.5978915662620589,38683.65749359131,644.7276248931885,15.0,0.639156509635336,
mnist,5120,8.0,0.0,3.0,2.0,0.9226907630475768,0.7008032128478876,74143.460490942,1235.7243415157,11.0,0.6003238534915644,
mnist,640,10.0,0.0,4.0,3.0,0.8140624999872803,0.8140624999872803,10268.512508392334,171.14187513987224,20.0,0.5955721598770544,
mnist,1280,10.0,0.0,3.0,1.0,0.96640624999245,0.6562499999948731,13518.08467888832,225.3014113148053,21.0,0.5978191238595036,
mnist,1280,10.0,0.0,3.0,2.0,0.8085937499936829,0.6437499999949707,13903.949226856232,231.73248711427053,15.0,0.6028388106775872,
mnist,1280,10.0,0.0,3.0,3.0,0.9851562499923036,0.6695312499947693,13260.911224842072,221.0151870807012,11.0,0.5148090589006259,
mnist,2560,9.0,0.0,4.0,2.0,0.9016064256982852,0.9016064256982852,43339.86173176765,722.3310288627943,16.0,0.6367890977834623,
mnist,2560,9.0,0.0,4.0,3.0,0.8709839357385996,0.8709839357385996,47452.83819770813,790.8806366284688,16.0,0.592469906208585,
mnist,1280,10.0,0.0,4.0,1.0,0.6007812499953065,0.6007812499953065,17951.37374830246,299.1895624717077,15.0,0.6384520327995012,
mnist,1280,10.0,0.0,4.0,2.0,0.905468749992926,0.905468749992926,19844.55611562729,330.7426019271215,12.0,0.6234960836123393,
mnist,5120,8.0,0.0,4.0,1.0,0.585843373491035,0.585843373491035,85588.01542592049,1426.466923765341,11.0,0.6391898190962706,
mnist,1280,10.0,0.0,4.0,3.0,0.9187499999928224,0.9187499999928224,23851.675060272217,397.5279176712036,29.0,0.6237769573878194,
mnist,5120,8.0,0.0,4.0,2.0,0.9031124497946632,0.9031124497946632,89507.71206641197,1491.7952011068662,17.0,0.6361948341118785,
mnist,2560,10.0,0.0,3.0,1.0,0.9618473895534044,0.6772088353379658,28148.55736064911,469.1426226774851,21.0,0.5982763189054008,
mnist,2560,10.0,0.0,3.0,3.0,0.9703815260995464,0.657128514052926,27366.30899786949,456.1051499644916,30.0,0.5107884910682754,
mnist,5120,9.0,0.0,3.0,2.0,0.9558232931678924,0.6089357429688307,57486.787771463394,958.11312952439,17.0,0.5867510265100464,
mnist,2560,10.0,0.0,3.0,2.0,0.9011044176661592,0.6992971887515096,33545.62173867226,559.0936956445377,15.0,0.6015174663043366,
mnist,5120,9.0,0.0,3.0,1.0,0.9618473895534044,0.6531124497959181,66356.27598023415,1105.9379330039023,11.0,0.5967301940906313,
mnist,5120,8.0,0.0,4.0,3.0,0.8664658634494656,0.8664658634494656,97309.51710939407,1621.8252851565678,46.0,0.5889390349376619,
mnist,5120,9.0,0.0,3.0,3.0,0.9718875501959244,0.6691767068239499,64540.143637657166,1075.6690606276195,17.0,0.5151428174962472,
mnist,2560,10.0,0.0,4.0,2.0,0.8920682730878913,0.8920682730878913,40300.13152933121,671.6688588221867,9.0,0.6231344312405087,
mnist,2560,10.0,0.0,4.0,1.0,0.5983935742941848,0.5983935742941848,40963.74945998192,682.7291576663653,16.0,0.6391569638227292,
mnist,2560,10.0,0.0,4.0,3.0,0.8885542168630093,0.8885542168630093,44411.93011879921,740.1988353133202,17.0,0.592071785924506,
mnist,5120,9.0,0.0,4.0,1.0,0.585843373491035,0.585843373491035,81075.50176334381,1351.258362722397,11.0,0.6391882169234189,
mnist,5120,9.0,0.0,4.0,2.0,0.8734939758992295,0.8734939758992295,81166.83027219772,1352.7805045366288,17.0,0.6220718252646694,
mnist,5120,10.0,0.0,3.0,1.0,0.9457831325253726,0.6752008032094619,55155.18655538559,919.2531092564265,17.0,0.5974596709001316,
mnist,5120,9.0,0.0,4.0,3.0,0.8785140562204894,0.8785140562204894,90281.0346930027,1504.683911550045,17.0,0.5950816434610189,
mnist,5120,10.0,0.0,3.0,2.0,0.9226907630475768,0.7008032128478876,59760.97959399223,996.0163265665371,11.0,0.6003237181890206,
mnist,5120,10.0,0.0,3.0,3.0,0.9718875501959244,0.669678714856076,61818.919091939926,1030.3153181989987,9.0,0.5151436841477823,
mnist,5120,10.0,0.0,4.0,1.0,0.585843373491035,0.585843373491035,70998.79250407219,1183.3132084012032,15.0,0.6391907238947782,
mnist,5120,10.0,0.0,4.0,2.0,0.8719879518028515,0.8719879518028515,75740.15211987495,1262.335868664583,9.0,0.6220725375401746,
mnist,5120,10.0,0.0,4.0,3.0,0.8664658634494656,0.8664658634494656,79797.05234599113,1329.9508724331856,46.0,0.5889390194404543,
aug_mnist,20,1.0,0.0,3.0,3.0,0.7999999996,0.49999999975,345.1659195423126,5.7527653257052105,,0.6095052555136143,15.0
aug_mnist,20,1.0,0.0,3.0,2.0,0.749999999625,0.549999999725,420.4597022533417,7.007661704222361,,0.6610924586328479,5.0
aug_mnist,20,1.0,0.0,3.0,1.0,0.89999999955,0.5999999997,468.2368173599243,7.803946955998739,,0.6529031994654566,11.0
aug_mnist,20,1.0,0.0,4.0,1.0,0.49999999975,0.49999999975,562.578738451004,9.376312307516734,,0.6771784457158694,5.0
aug_mnist,40,1.0,0.0,3.0,1.0,0.899999999775,0.6499999998375,562.9465873241425,9.38244312206904,,0.6434908167899253,20.0
aug_mnist,20,1.0,0.0,4.0,2.0,0.6999999996499999,0.6999999996499999,589.7830350399017,9.829717250665029,,0.6531254157138578,28.0
aug_mnist,20,1.0,0.0,4.0,3.0,0.7999999996,0.7999999996,618.9896106719971,10.316493511199951,,0.6244911649680964,11.0
aug_mnist,40,1.0,0.0,3.0,2.0,0.899999999775,0.6499999998375,678.4788026809692,11.30798004468282,,0.6435318158448238,33.0
aug_mnist,40,1.0,0.0,3.0,3.0,0.99999999975,0.7499999998125,689.3934586048126,11.489890976746876,,0.6081541441350709,14.0
aug_mnist,40,1.0,0.0,4.0,1.0,0.7499999998125,0.7499999998125,809.7588815689087,13.495981359481812,,0.6822189174377064,10.0
aug_mnist,80,1.0,0.0,3.0,2.0,0.5999999999250001,0.6124999999234375,873.9390811920166,14.565651353200275,,0.6501392035863733,11.0
aug_mnist,40,1.0,0.0,4.0,3.0,0.87499999978125,0.87499999978125,945.2632234096528,15.754387056827545,,0.6435363767922408,15.0
aug_mnist,40,1.0,0.0,4.0,2.0,0.7999999998,0.7999999998,1085.9355363845823,18.098925606409708,,0.670585133861742,19.0
aug_mnist,80,1.0,0.0,3.0,3.0,0.94999999988125,0.7749999999031251,1196.4697868824005,19.94116311470668,,0.5932789468023661,21.0
aug_mnist,80,1.0,0.0,3.0,1.0,0.9874999998765626,0.6874999999140625,1281.5105228424072,21.35850871404012,,0.638378054419829,7.0
aug_mnist,80,1.0,0.0,4.0,1.0,0.6374999999203126,0.6374999999203126,1404.8438396453855,23.41406399408976,,0.6584299390685064,11.0
aug_mnist,80,1.0,0.0,4.0,3.0,0.7999999999,0.7999999999,1760.9491658210754,29.34915276368459,,0.6228877788003511,11.0
aug_mnist,80,1.0,0.0,4.0,2.0,0.8624999998921876,0.8624999998921876,1958.6089782714844,32.6434829711914,,0.6547977983133072,13.0
aug_mnist,160,1.0,0.0,3.0,1.0,0.9312499999417968,0.6687499999582031,2488.516884326935,41.47528140544891,,0.64588000233905,5.0
aug_mnist,160,1.0,0.0,3.0,3.0,0.9687499999394532,0.7249999999546874,2506.537933111191,41.775632218519846,,0.6061390018084298,16.0
aug_mnist,160,1.0,0.0,3.0,2.0,0.9374999999414062,0.649999999959375,2802.0722484588623,46.70120414098104,,0.6439915942743257,16.0
aug_mnist,160,1.0,0.0,4.0,1.0,0.6874999999570313,0.6874999999570313,2975.8176600933075,49.59696100155512,,0.664668888408127,23.0
aug_mnist,160,1.0,0.0,4.0,2.0,0.8874999999445312,0.8874999999445312,3243.7644140720367,54.06274023453395,,0.6559441971368905,24.0
aug_mnist,160,1.0,0.0,4.0,3.0,0.9249999999421874,0.9249999999421874,3376.6584661006927,56.27764110167821,,0.6282191854322711,16.0
aug_mnist,320,1.0,0.0,3.0,1.0,0.9749999999695312,0.6312499999802734,4390.557058334351,73.17595097223918,,0.6370032131472843,14.0
aug_mnist,320,1.0,0.0,3.0,2.0,0.9249999999710936,0.5937499999814453,5060.278998851776,84.33798331419626,,0.6345529758731908,16.0
aug_mnist,320,1.0,0.0,3.0,3.0,0.9656249999698242,0.6749999999789063,5428.1360721588135,90.46893453598022,,0.5971921038441002,9.0
aug_mnist,320,1.0,0.0,4.0,1.0,0.6718749999790039,0.6718749999790039,6931.319804191589,115.52199673652648,,0.657111834863155,17.0
aug_mnist,20,2.0,0.0,3.0,1.0,0.9999999995,0.649999999675,311.35452818870544,5.189242136478424,,0.6462167307483637,14.0
aug_mnist,20,2.0,0.0,3.0,2.0,0.6999999996499999,0.549999999725,292.43990445137024,4.873998407522837,,0.6553469434084028,19.0
aug_mnist,320,1.0,0.0,4.0,2.0,0.8781249999725586,0.8781249999725586,7507.02415394783,125.11706923246383,,0.643949503878497,28.0
aug_mnist,320,1.0,0.0,4.0,3.0,0.8437499999736328,0.8437499999736328,7698.423734664917,128.30706224441528,,0.6244584971471193,17.0
aug_mnist,20,2.0,0.0,3.0,3.0,0.7999999996,0.649999999675,313.0205936431885,5.217009894053141,,0.6081033581435,25.0
aug_mnist,20,2.0,0.0,4.0,1.0,0.549999999725,0.549999999725,297.59672451019287,4.959945408503215,,0.6703152230010622,19.0
aug_mnist,20,2.0,0.0,4.0,2.0,0.49999999975,0.49999999975,391.8007376194,6.530012293656667,,0.6702996679769229,11.0
aug_mnist,20,2.0,0.0,4.0,3.0,0.649999999675,0.649999999675,450.3410835266113,7.505684725443522,,0.6391487398528117,13.0
aug_mnist,40,2.0,0.0,3.0,1.0,0.7999999998,0.5749999998562499,488.5970706939697,8.143284511566161,,0.6493212489650576,7.0
aug_mnist,40,2.0,0.0,3.0,2.0,0.87499999978125,0.52499999986875,556.4317965507507,9.273863275845846,,0.6426928441109867,7.0
aug_mnist,40,2.0,0.0,3.0,3.0,0.97499999975625,0.6999999998249999,628.8646714687347,10.481077857812243,,0.6133260570423319,7.0
aug_mnist,640,1.0,0.0,3.0,2.0,0.9374999999853516,0.6312499999901368,8965.544769525528,149.4257461587588,,0.6358670383592433,21.0
aug_mnist,40,2.0,0.0,4.0,1.0,0.7499999998125,0.7499999998125,882.3933913707733,14.706556522846222,,0.6757950512865489,5.0
aug_mnist,40,2.0,0.0,4.0,2.0,0.6999999998249999,0.6999999998249999,791.7624235153198,13.196040391921995,,0.666734639835567,14.0
aug_mnist,40,2.0,0.0,4.0,3.0,0.72499999981875,0.72499999981875,906.2786808013916,15.104644680023194,,0.6444112752257074,21.0
aug_mnist,640,1.0,0.0,3.0,1.0,0.9687499999848632,0.6734374999894776,9709.405009031296,161.82341681718827,,0.638148671378655,17.0
aug_mnist,80,2.0,0.0,3.0,1.0,0.9249999998843752,0.6999999999125001,1095.616287946701,18.260271465778352,,0.6356498908202021,9.0
aug_mnist,80,2.0,0.0,3.0,2.0,0.9249999998843752,0.7749999999031251,1308.0668301582336,21.80111383597056,,0.6457933848289057,22.0
aug_mnist,640,1.0,0.0,3.0,3.0,0.9609374999849852,0.6968749999891113,10478.243196725844,174.63738661209743,,0.5940066957380942,21.0
aug_mnist,640,1.0,0.0,4.0,2.0,0.6999999999890625,0.6999999999890625,10449.78686785698,174.16311446428298,,0.6625004446402984,30.0
aug_mnist,80,2.0,0.0,3.0,3.0,0.9624999998796876,0.7499999999062501,1498.4555571079254,24.97425928513209,,0.5897303055979756,9.0
aug_mnist,640,1.0,0.0,4.0,3.0,0.7499999999882813,0.7499999999882813,10938.208754062653,182.3034792343776,,0.6429577803511293,12.0
aug_mnist,80,2.0,0.0,4.0,1.0,0.7374999999078126,0.7374999999078126,1498.6382257938385,24.97730376323064,,0.6577392356765641,12.0
aug_mnist,80,2.0,0.0,4.0,2.0,0.9374999998828126,0.9374999998828126,1997.370514631272,33.28950857718785,,0.6470249777223522,19.0
aug_mnist,80,2.0,0.0,4.0,3.0,0.8874999998890626,0.8874999998890626,1687.2239031791687,28.12039838631948,,0.633710033218325,12.0
aug_mnist,640,1.0,0.0,4.0,1.0,0.6859374999892822,0.6859374999892822,12342.586421251295,205.7097736875216,,0.6566014706985877,17.0
aug_mnist,160,2.0,0.0,3.0,3.0,0.9812499999386718,0.7249999999546874,1862.2310991287231,31.03718498547872,,0.5872107585897604,22.0
aug_mnist,160,2.0,0.0,3.0,2.0,0.8437499999472656,0.649999999959375,2174.0911717414856,36.234852862358096,,0.6369503324825827,7.0
aug_mnist,160,2.0,0.0,3.0,1.0,0.9562499999402344,0.7124999999554688,2702.742128849029,45.04570214748382,,0.6346480077108456,7.0
aug_mnist,160,2.0,0.0,4.0,2.0,0.8999999999437499,0.8999999999437499,2239.610869407654,37.326847823460895,,0.641499978859862,18.0
aug_mnist,160,2.0,0.0,4.0,3.0,0.9062499999433592,0.9062499999433592,3501.443740129471,58.35739566882452,,0.6271661513651828,11.0
aug_mnist,160,2.0,0.0,4.0,1.0,0.6749999999578125,0.6749999999578125,4190.784041643143,69.84640069405238,,0.6564480471200742,10.0
aug_mnist,320,2.0,0.0,3.0,2.0,0.8749999999726562,0.6249999999804687,3536.004656076432,58.93341093460719,,0.6392199653187314,27.0
aug_mnist,1280,1.0,0.0,3.0,2.0,0.951562499992566,0.6421874999949829,15482.264765024183,258.0377460837364,,0.6351283985326738,13.0
aug_mnist,320,2.0,0.0,3.0,1.0,0.9656249999698242,0.6156249999807617,4475.118191242218,74.5853031873703,,0.6393400823870184,30.0
aug_mnist,320,2.0,0.0,4.0,1.0,0.6656249999791992,0.6656249999791992,5221.313583135605,87.02189305226008,,0.661116843202912,17.0
aug_mnist,320,2.0,0.0,3.0,3.0,0.981249999969336,0.6562499999794922,5283.009810686111,88.05016351143519,,0.5970194858126038,13.0
aug_mnist,1280,1.0,0.0,3.0,3.0,0.9867187499922914,0.6867187499946351,18450.82139062881,307.51368984381355,,0.5998406451893674,7.0
aug_mnist,320,2.0,0.0,4.0,2.0,0.8499999999734374,0.8499999999734374,6407.681020498276,106.79468367497128,,0.6451601570643037,15.0
aug_mnist,640,2.0,0.0,3.0,1.0,0.9703124999848388,0.6624999999896485,7190.617023944855,119.84361706574758,,0.6392039328713677,15.0
aug_mnist,320,2.0,0.0,4.0,3.0,0.6718749999790039,0.6718749999790039,7734.592256069183,128.90987093448638,,0.6390267896452525,15.0
aug_mnist,640,2.0,0.0,3.0,2.0,0.9296874999854736,0.6499999999898437,8575.937145709991,142.9322857618332,,0.635488179316128,21.0
aug_mnist,1280,1.0,0.0,4.0,2.0,0.8874999999930665,0.8874999999930665,23121.62705230713,385.3604508717855,,0.659941198224634,21.0
aug_mnist,1280,1.0,0.0,4.0,1.0,0.7007812499945252,0.7007812499945252,23364.18199801445,389.4030333002409,,0.6547352254339566,13.0
aug_mnist,640,2.0,0.0,3.0,3.0,0.9421874999852784,0.664062499989624,9205.047862291336,153.41746437152227,,0.5978169649745992,15.0
aug_mnist,1280,1.0,0.0,3.0,1.0,0.9609374999924928,0.6781249999947022,24102.54251742363,401.7090419570605,,0.640457045430902,7.0
aug_mnist,640,2.0,0.0,4.0,1.0,0.6734374999894776,0.6734374999894776,9434.873929977415,157.24789883295696,,0.6562401020424348,14.0
aug_mnist,1280,1.0,0.0,4.0,3.0,0.8742187499931703,0.8742187499931703,25290.63073921204,421.5105123202006,,0.6229022425364468,13.0
aug_mnist,640,2.0,0.0,4.0,2.0,0.8515624999866943,0.8515624999866943,13102.452931165695,218.37421551942825,,0.6436901986498392,36.0
aug_mnist,640,2.0,0.0,4.0,3.0,0.7921874999876221,0.7921874999876221,13852.52231144905,230.87537185748417,,0.62127566455824,15.0
aug_mnist,2560,1.0,0.0,3.0,1.0,0.9613453815212784,0.6867469879483598,30270.61179804802,504.5101966341337,,0.639234560725576,22.0
aug_mnist,1280,2.0,0.0,3.0,1.0,0.982031249992328,0.6906249999946046,15826.732197999954,263.7788699666659,,0.6402706038901853,8.0
aug_mnist,1280,2.0,0.0,3.0,2.0,0.9414062499926452,0.6484374999949342,20626.800990104675,343.78001650174457,,0.636973456735403,14.0
aug_mnist,2560,1.0,0.0,3.0,3.0,0.9528112449751366,0.6867469879483598,39729.244894742966,662.1540815790494,,0.5939647704339668,16.0
aug_mnist,20,3.0,0.0,3.0,1.0,0.949999999525,0.5999999997,278.9704518318176,4.649507530530294,,0.6416101637254823,7.0
aug_mnist,1280,2.0,0.0,4.0,2.0,0.8999999999929689,0.8999999999929689,20525.153292894363,342.08588821490605,,0.6430017244765592,18.0
aug_mnist,20,3.0,0.0,3.0,3.0,0.89999999955,0.5999999997,230.7292678356171,3.845487797260284,,0.61638006537136,16.0
aug_mnist,20,3.0,0.0,3.0,2.0,0.6999999996499999,0.5999999997,287.08036398887634,4.784672733147939,,0.6606386270796156,12.0
aug_mnist,20,3.0,0.0,4.0,1.0,0.549999999725,0.549999999725,341.76863074302673,5.6961438457171125,,0.66513935115459,10.0
aug_mnist,20,3.0,0.0,4.0,2.0,0.649999999675,0.649999999675,440.5313928127289,7.342189880212148,,0.6654533078919515,20.0
aug_mnist,20,3.0,0.0,4.0,3.0,0.749999999625,0.749999999625,489.7421340942383,8.162368901570638,,0.6222827353942344,28.0
aug_mnist,2560,1.0,0.0,3.0,2.0,0.9352409638507267,0.6315261044145004,40993.66795301437,683.2277992169062,,0.6338976162647281,12.0
aug_mnist,1280,2.0,0.0,3.0,3.0,0.98046874999234,0.7070312499944764,23260.84462380409,387.6807437300682,,0.5962052959157141,19.0
aug_mnist,40,3.0,0.0,3.0,1.0,0.92499999976875,0.6499999998375,624.0618362426758,10.401030604044596,,0.641923732001041,9.0
aug_mnist,1280,2.0,0.0,4.0,1.0,0.7007812499945252,0.7007812499945252,23406.76098012924,390.112683002154,,0.6547043549963347,15.0
aug_mnist,40,3.0,0.0,3.0,2.0,0.52499999986875,0.62499999984375,626.3016591072083,10.438360985120138,,0.6529401264942509,18.0
aug_mnist,40,3.0,0.0,3.0,3.0,0.97499999975625,0.77499999980625,896.5873384475708,14.943122307459513,,0.6067032290968479,9.0
aug_mnist,40,3.0,0.0,4.0,1.0,0.72499999981875,0.72499999981875,923.6696743965148,15.394494573275248,,0.6717445479144155,18.0
aug_mnist,40,3.0,0.0,4.0,2.0,0.899999999775,0.899999999775,986.4215292930604,16.440358821551005,,0.6721862636316208,15.0
aug_mnist,40,3.0,0.0,4.0,3.0,0.899999999775,0.899999999775,1015.8602819442748,16.93100469907125,,0.6406103025265388,15.0
aug_mnist,80,3.0,0.0,3.0,1.0,0.94999999988125,0.6999999999125001,1061.615782737732,17.693596378962198,,0.6394639175330965,6.0
aug_mnist,80,3.0,0.0,3.0,3.0,0.974999999878125,0.7749999999031251,1538.4953322410583,25.641588870684306,,0.5986142718043694,8.0
aug_mnist,2560,1.0,0.0,4.0,1.0,0.6902610441732417,0.6902610441732417,42705.69881439209,711.7616469065348,,0.6539536678765501,11.0
aug_mnist,80,3.0,0.0,4.0,1.0,0.6999999999125001,0.6999999999125001,1380.4501373767853,23.00750228961309,,0.6621430223352543,13.0
aug_mnist,80,3.0,0.0,3.0,2.0,0.7749999999031251,0.6124999999234375,1715.539309501648,28.592321825027465,,0.6510931532761193,17.0
aug_mnist,80,3.0,0.0,4.0,3.0,0.7374999999078126,0.7374999999078126,1342.989912033081,22.38316520055135,,0.6378941666282558,17.0
aug_mnist,80,3.0,0.0,4.0,2.0,0.9249999998843752,0.9249999998843752,1993.383093833924,33.22305156389872,,0.6595478575597304,17.0
aug_mnist,160,3.0,0.0,3.0,2.0,0.918749999942578,0.6249999999609375,1784.791963815689,29.746532730261485,,0.637889769037433,7.0
aug_mnist,160,3.0,0.0,3.0,3.0,0.9749999999390624,0.7249999999546874,2041.8573095798488,34.03095515966415,,0.5930390429126116,7.0
aug_mnist,160,3.0,0.0,3.0,1.0,0.9624999999398436,0.6749999999578125,2304.4890832901,38.408151388168335,,0.6383299815255798,7.0
aug_mnist,160,3.0,0.0,4.0,2.0,0.8937499999441406,0.8937499999441406,2655.08687376976,44.25144789616267,,0.656449258286456,7.0
aug_mnist,160,3.0,0.0,4.0,1.0,0.6874999999570313,0.6874999999570313,3476.900219678879,57.94833699464798,,0.6606699895445846,21.0
aug_mnist,160,3.0,0.0,4.0,3.0,0.9312499999417968,0.9312499999417968,3353.035067796707,55.88391779661178,,0.6254560941066838,17.0
aug_mnist,320,3.0,0.0,3.0,1.0,0.9718749999696288,0.6343749999801758,3034.9053881168365,50.58175646861394,,0.6387982290783576,5.0
aug_mnist,1280,2.0,0.0,4.0,3.0,0.8648437499932434,0.8648437499932434,29100.36723017693,485.0061205029488,,0.6205296164702575,18.0
aug_mnist,320,3.0,0.0,3.0,2.0,0.918749999971289,0.609374999980957,3661.957761049271,61.032629350821175,,0.6361417239705609,5.0
aug_mnist,2560,2.0,0.0,3.0,1.0,0.9723895582280504,0.6782128514022179,28363.4704682827,472.72450780471166,,0.6401539581989077,10.0
aug_mnist,320,3.0,0.0,3.0,3.0,0.9687499999697264,0.7031249999780274,4718.178850650787,78.63631417751313,,0.5966475909761897,6.0
aug_mnist,2560,2.0,0.0,3.0,2.0,0.9342369477864748,0.6300200803181224,29576.27151536941,492.9378585894903,,0.6351093554471956,17.0
aug_mnist,320,3.0,0.0,4.0,1.0,0.6937499999783203,0.6937499999783203,5448.65638256073,90.8109397093455,,0.6576220023426542,20.0
aug_mnist,2560,1.0,0.0,4.0,2.0,0.8584337349354497,0.8584337349354497,52585.106534957886,876.4184422492981,,0.653488739726375,17.0
aug_mnist,320,3.0,0.0,4.0,2.0,0.8406249999737304,0.8406249999737304,6417.995114564896,106.96658524274828,,0.6434220975436367,13.0
aug_mnist,2560,2.0,0.0,3.0,3.0,0.9708835341316724,0.6972891566230056,31320.97273182869,522.0162121971448,,0.5946626192308085,17.0
aug_mnist,640,3.0,0.0,3.0,2.0,0.9343749999854004,0.6421874999899658,7059.7153079509735,117.66192179918288,,0.6371199840207686,6.0
aug_mnist,320,3.0,0.0,4.0,3.0,0.8437499999736328,0.8437499999736328,8344.991130590439,139.08318550984066,,0.6243086296124865,20.0
aug_mnist,640,3.0,0.0,3.0,1.0,0.9703124999848388,0.6656249999895996,8212.424969911575,136.87374949852625,,0.6412497502465189,28.0
aug_mnist,640,3.0,0.0,3.0,3.0,0.9718749999848144,0.7499999999882813,9277.90584397316,154.63176406621932,,0.5994997775460986,6.0
aug_mnist,2560,1.0,0.0,4.0,3.0,0.8448795180680478,0.8448795180680478,59594.81028318405,993.2468380530676,,0.622543286082697,24.0
aug_mnist,640,3.0,0.0,4.0,1.0,0.6874999999892578,0.6874999999892578,10420.1245136261,173.6687418937683,,0.6567868924038307,26.0
aug_mnist,5120,1.0,0.0,3.0,2.0,0.912148594372931,0.6184738955792246,61707.29492592812,1028.4549154321353,,0.6341312807786001,11.0
aug_mnist,640,3.0,0.0,4.0,2.0,0.882812499986206,0.882812499986206,11893.308852910995,198.2218142151833,,0.6444298475880068,26.0
aug_mnist,640,3.0,0.0,4.0,3.0,0.8687499999864258,0.8687499999864258,10689.624150276184,178.16040250460307,,0.6345785879989653,24.0
aug_mnist,1280,3.0,0.0,3.0,1.0,0.9757812499923768,0.6867187499946351,14173.203337192535,236.2200556198756,,0.638493102783937,14.0
aug_mnist,1280,3.0,0.0,3.0,2.0,0.9429687499926332,0.6382812499950135,14885.736436605452,248.0956072767576,,0.6344030559013396,14.0
aug_mnist,2560,2.0,0.0,4.0,1.0,0.6767068273058399,0.6767068273058399,45400.51471114159,756.6752451856931,,0.6554453712676194,13.0
aug_mnist,5120,1.0,0.0,3.0,1.0,0.9743975903565544,0.6882530120447378,69302.536703825,1155.0422783970832,,0.6391611987339888,20.0
aug_mnist,1280,3.0,0.0,3.0,3.0,0.9789062499923524,0.7492187499941468,16362.76384305954,272.712730717659,,0.594594039912347,12.0
aug_mnist,2560,2.0,0.0,4.0,3.0,0.8669678714815916,0.8669678714815916,47600.12176561356,793.335362760226,,0.6266037791942916,19.0
aug_mnist,20,4.0,0.0,3.0,1.0,0.8499999995749999,0.5999999997,280.95188570022583,4.682531428337097,,0.654008131296264,15.0
aug_mnist,20,4.0,0.0,3.0,2.0,0.6999999996499999,0.549999999725,275.7951183319092,4.59658530553182,,0.6525391462162796,9.0
aug_mnist,20,4.0,0.0,3.0,3.0,0.7999999996,0.549999999725,280.13899660110474,4.668983276685079,,0.6186205887681623,19.0
aug_mnist,20,4.0,0.0,4.0,1.0,0.5999999997,0.5999999997,344.79518818855286,5.746586469809214,,0.6709885063392722,11.0
aug_mnist,20,4.0,0.0,4.0,2.0,0.549999999725,0.549999999725,359.8835430145264,5.998059050242106,,0.6574178674510228,28.0
aug_mnist,20,4.0,0.0,4.0,3.0,0.749999999625,0.749999999625,318.7748649120331,5.312914415200551,,0.6279064008434261,13.0
aug_mnist,40,4.0,0.0,3.0,1.0,0.92499999976875,0.67499999983125,400.789781332016,6.679829688866933,,0.6429695235075468,10.0
aug_mnist,40,4.0,0.0,3.0,2.0,0.92499999976875,0.59999999985,431.5404546260834,7.192340910434723,,0.6468513725570981,6.0
aug_mnist,40,4.0,0.0,3.0,3.0,0.99999999975,0.77499999980625,437.7823967933655,7.296373279889424,,0.6016620554015903,10.0
aug_mnist,40,4.0,0.0,4.0,1.0,0.7499999998125,0.7499999998125,565.4771211147308,9.424618685245514,,0.6678873948573278,33.0
aug_mnist,5120,1.0,0.0,3.0,3.0,0.9738955823244284,0.6947791164623757,75262.52812099457,1254.3754686832428,,0.5991156297910434,8.0
aug_mnist,40,4.0,0.0,4.0,2.0,0.8249999997937499,0.8249999997937499,595.8788688182831,9.931314480304716,,0.6715028397550292,10.0
aug_mnist,40,4.0,0.0,4.0,3.0,0.97499999975625,0.97499999975625,689.0386190414429,11.483976984024048,,0.6291326783514755,10.0
aug_mnist,2560,2.0,0.0,4.0,2.0,0.8790160642526155,0.8790160642526155,53376.405133485794,889.6067522247632,,0.642807919380538,26.0
aug_mnist,80,4.0,0.0,3.0,1.0,0.9624999998796876,0.6749999999156251,864.1227259635925,14.402045432726542,,0.6337502371472674,12.0
aug_mnist,80,4.0,0.0,3.0,2.0,0.94999999988125,0.6624999999171876,1001.3686661720276,16.68947776953379,,0.638564139524748,11.0
aug_mnist,80,4.0,0.0,3.0,3.0,0.9624999998796876,0.6999999999125001,1265.0259380340576,21.08376563390096,,0.5905759864307327,12.0
aug_mnist,80,4.0,0.0,4.0,1.0,0.6874999999140625,0.6874999999140625,1145.475412607193,19.09125687678655,,0.6546971940175891,23.0
aug_mnist,80,4.0,0.0,4.0,2.0,0.974999999878125,0.974999999878125,1240.4001533985138,20.67333588997523,,0.6446501850276036,11.0
aug_mnist,1280,3.0,0.0,4.0,1.0,0.6984374999945435,0.6984374999945435,25338.16743016243,422.3027905027072,,0.6544871735521685,14.0
aug_mnist,80,4.0,0.0,4.0,3.0,0.8124999998984376,0.8124999998984376,1661.0410149097445,27.68401691516241,,0.6198442082822379,11.0
aug_mnist,160,4.0,0.0,3.0,1.0,0.9562499999402344,0.6874999999570313,2023.8324129581447,33.730540215969086,,0.6397681331234667,6.0
aug_mnist,160,4.0,0.0,3.0,2.0,0.8874999999445312,0.6062499999621094,1757.5672345161438,29.29278724193573,,0.6428968846396133,12.0
aug_mnist,1280,3.0,0.0,4.0,2.0,0.9007812499929628,0.9007812499929628,24720.63483428955,412.0105805714925,,0.6432450801083857,14.0
aug_mnist,1280,3.0,0.0,4.0,3.0,0.8585937499932923,0.8585937499932923,25210.07913470268,420.167985578378,,0.6324498611639204,14.0
aug_mnist,160,4.0,0.0,3.0,3.0,0.9687499999394532,0.7499999999531249,2373.929907083512,39.56549845139185,,0.5965397888049175,6.0
aug_mnist,160,4.0,0.0,4.0,2.0,0.9062499999433592,0.9062499999433592,2515.3971614837646,41.92328602472941,,0.6478856366467858,17.0
aug_mnist,160,4.0,0.0,4.0,3.0,0.9249999999421874,0.9249999999421874,2506.300922393799,41.771682039896646,,0.6278994035328387,13.0
aug_mnist,160,4.0,0.0,4.0,1.0,0.6937499999566406,0.6937499999566406,3513.709128856659,58.56181881427765,,0.6635399788203376,17.0
aug_mnist,320,4.0,0.0,3.0,1.0,0.9749999999695312,0.6249999999804687,4066.045117616653,67.76741862694422,,0.6388707691231398,14.0
aug_mnist,320,4.0,0.0,3.0,2.0,0.9406249999706054,0.6968749999782227,4160.598413705826,69.3433068950971,,0.6384432846108241,16.0
aug_mnist,320,4.0,0.0,3.0,3.0,0.9499999999703124,0.6687499999791016,4236.961260557175,70.61602100928624,,0.5945460760407618,16.0
aug_mnist,5120,2.0,0.0,3.0,1.0,0.9764056224850582,0.6897590361411157,63519.234216213226,1058.6539036035538,,0.6393067431437405,16.0
aug_mnist,320,4.0,0.0,4.0,2.0,0.8468749999735351,0.8468749999735351,5005.974194526672,83.43290324211121,,0.6448735421694458,16.0
aug_mnist,320,4.0,0.0,4.0,1.0,0.6968749999782227,0.6968749999782227,5659.305389881134,94.3217564980189,,0.6571825027260451,16.0
aug_mnist,320,4.0,0.0,4.0,3.0,0.8687499999728515,0.8687499999728515,5404.645416498184,90.07742360830306,,0.6189197397038644,16.0
aug_mnist,2560,3.0,0.0,3.0,1.0,0.9759036144529324,0.6902610441732417,33390.42557311058,556.5070928851763,,0.6398722469781677,16.0
aug_mnist,5120,2.0,0.0,3.0,2.0,0.922188755015451,0.6214859437719805,64958.70332503319,1082.6450554172195,,0.6341747158753407,15.0
aug_mnist,5120,1.0,0.0,4.0,1.0,0.6601405622456821,0.6601405622456821,90387.51483750343,1506.4585806250573,,0.6548053771244612,14.0
aug_mnist,2560,3.0,0.0,3.0,2.0,0.9246987951760808,0.754016064253243,35000.05909991264,583.3343183318774,,0.6374462217067615,27.0
aug_mnist,2560,3.0,0.0,3.0,3.0,0.9748995983886802,0.748493975899857,33653.71900558472,560.8953167597452,,0.5973231691098722,11.0
aug_mnist,640,4.0,0.0,3.0,3.0,0.9687499999848632,0.6999999999890625,8137.0951273441315,135.6182521224022,,0.5987247973586944,7.0
aug_mnist,640,4.0,0.0,3.0,1.0,0.9671874999848876,0.6796874999893798,9375.702127933502,156.26170213222505,,0.6390280747313787,22.0
aug_mnist,640,4.0,0.0,3.0,2.0,0.9109374999857666,0.6999999999890625,10173.87735581398,169.56462259689968,,0.6387361526389455,22.0
aug_mnist,640,4.0,0.0,4.0,1.0,0.6796874999893798,0.6796874999893798,9275.03278684616,154.58387978076934,,0.6579512518541528,11.0
aug_mnist,640,4.0,0.0,4.0,3.0,0.8609374999865479,0.8609374999865479,10298.204146146774,171.6367357691129,,0.6177025490902706,11.0
aug_mnist,640,4.0,0.0,4.0,2.0,0.8812499999862304,0.8812499999862304,10634.105414152144,177.23509023586908,,0.6439531880516525,11.0
aug_mnist,2560,3.0,0.0,4.0,1.0,0.6837349397556037,0.6837349397556037,42147.880043029785,702.4646673838298,,0.6557791805241717,19.0
aug_mnist,1280,4.0,0.0,3.0,1.0,0.9796874999923464,0.6859374999946412,15336.073455810549,255.60122426350912,,0.6399950319478581,16.0
aug_mnist,2560,3.0,0.0,4.0,2.0,0.8875502007987573,0.8875502007987573,42078.23420572281,701.3039034287135,,0.6428292632077856,27.0
aug_mnist,5120,1.0,0.0,4.0,2.0,0.8147590361404882,0.8147590361404882,103647.15784955025,1727.4526308258376,,0.6534708386646859,16.0
aug_mnist,1280,4.0,0.0,3.0,3.0,0.967968749992438,0.6914062499945984,13931.567679643633,232.1927946607272,,0.5977883380604772,10.0
aug_mnist,5120,2.0,0.0,3.0,3.0,0.9748995983886802,0.668674698791824,77743.80800151825,1295.7301333586374,,0.594470614193709,23.0
aug_mnist,1280,4.0,0.0,3.0,2.0,0.9539062499925476,0.6554687499948793,16697.58847427368,278.2931412378947,,0.6362487316081886,17.0
aug_mnist,20,5.0,0.0,3.0,1.0,0.89999999955,0.49999999975,282.5642547607422,4.70940424601237,,0.643977794325228,12.0
aug_mnist,20,5.0,0.0,3.0,2.0,0.6999999996499999,0.649999999675,342.07380747795105,5.701230124632517,,0.6634132256767087,19.0
aug_mnist,20,5.0,0.0,3.0,3.0,0.8499999995749999,0.5999999997,286.9352514743805,4.782254191239675,,0.6070815581028122,19.0
aug_mnist,20,5.0,0.0,4.0,1.0,0.549999999725,0.549999999725,338.5207245349884,5.64201207558314,,0.673495475313086,20.0
aug_mnist,20,5.0,0.0,4.0,2.0,0.749999999625,0.749999999625,339.0437545776367,5.650729242960612,,0.6621860226658094,12.0
aug_mnist,20,5.0,0.0,4.0,3.0,0.6999999996499999,0.6999999996499999,351.50032806396484,5.858338801066081,,0.634438837747451,18.0
aug_mnist,40,5.0,0.0,3.0,1.0,0.92499999976875,0.59999999985,498.6491982936859,8.310819971561433,,0.6493831561372453,12.0
aug_mnist,40,5.0,0.0,3.0,2.0,0.97499999975625,0.62499999984375,500.42200469970703,8.340366744995118,,0.6475533555319288,5.0
aug_mnist,40,5.0,0.0,3.0,3.0,0.99999999975,0.6999999998249999,502.91694736480713,8.381949122746786,,0.6198242534637611,12.0
aug_mnist,40,5.0,0.0,4.0,1.0,0.72499999981875,0.72499999981875,640.840781211853,10.680679686864217,,0.6781636737081751,5.0
aug_mnist,40,5.0,0.0,4.0,2.0,0.8249999997937499,0.8249999997937499,676.5906991958618,11.276511653264365,,0.6711039684525242,5.0
aug_mnist,40,5.0,0.0,4.0,3.0,0.7499999998125,0.7499999998125,769.8023884296417,12.830039807160697,,0.6478296761085275,30.0
aug_mnist,80,5.0,0.0,3.0,1.0,0.9249999998843752,0.6999999999125001,1025.9261198043823,17.09876866340637,,0.6395864092504199,9.0
aug_mnist,5120,1.0,0.0,4.0,3.0,0.8237951807187561,0.8237951807187561,111196.714376688,1853.2785729448,,0.6230215400445214,26.0
aug_mnist,1280,4.0,0.0,4.0,1.0,0.7062499999944825,0.7062499999944825,22145.47093129158,369.091182188193,,0.6557417285391123,11.0
aug_mnist,80,5.0,0.0,3.0,2.0,0.7999999999,0.6749999999156251,1042.1761846542358,17.3696030775706,,0.6491173135422887,9.0
aug_mnist,80,5.0,0.0,4.0,1.0,0.6874999999140625,0.6874999999140625,1052.7278685569763,17.545464475949604,,0.6639712499742242,28.0
aug_mnist,80,5.0,0.0,3.0,3.0,0.9624999998796876,0.7124999999109376,1735.68128824234,28.92802147070567,,0.6100502096844097,18.0
aug_mnist,1280,4.0,0.0,4.0,3.0,0.9249999999927736,0.9249999999927736,21419.83867621421,356.997311270237,,0.6175542515468035,10.0
aug_mnist,5120,2.0,0.0,4.0,1.0,0.6536144578280442,0.6536144578280442,87150.7535059452,1452.51255843242,,0.6551193130003532,13.0
aug_mnist,80,5.0,0.0,4.0,2.0,0.8249999998968751,0.8249999998968751,1380.213177204132,23.003552953402203,,0.6481632422590675,8.0
aug_mnist,80,5.0,0.0,4.0,3.0,0.874999999890625,0.874999999890625,1192.9813854694366,19.88302309115728,,0.6367208396592559,17.0
aug_mnist,160,5.0,0.0,3.0,2.0,0.9249999999421874,0.6312499999605469,1639.7678351402285,27.329463919003803,,0.6421631347731734,10.0
aug_mnist,160,5.0,0.0,3.0,3.0,0.9624999999398436,0.7312499999542968,1882.5592687129968,31.37598781188329,,0.5954955482110724,10.0
aug_mnist,160,5.0,0.0,3.0,1.0,0.9562499999402344,0.6937499999566406,2185.2945120334625,36.42157520055771,,0.6363148122628196,10.0
aug_mnist,160,5.0,0.0,4.0,1.0,0.6874999999570313,0.6874999999570313,2429.6021721363068,40.49336953560511,,0.6576573949641225,15.0
aug_mnist,160,5.0,0.0,4.0,2.0,0.9062499999433592,0.9062499999433592,2280.9001545906067,38.01500257651011,,0.6427884441212408,15.0
aug_mnist,5120,2.0,0.0,4.0,2.0,0.8589357429675757,0.8589357429675757,88232.69784617424,1470.544964102904,,0.6415686351048338,26.0
aug_mnist,160,5.0,0.0,4.0,3.0,0.9249999999421874,0.9249999999421874,2487.3896305561066,41.45649384260177,,0.6235041606036549,13.0
aug_mnist,320,5.0,0.0,3.0,1.0,0.9687499999697264,0.6343749999801758,3933.089419364929,65.55149032274882,,0.6415986186065445,5.0
aug_mnist,320,5.0,0.0,3.0,2.0,0.918749999971289,0.6062499999810547,4294.478129148483,71.57463548580806,,0.6374711626568902,17.0
aug_mnist,2560,4.0,0.0,3.0,1.0,0.9593373493927744,0.6837349397556037,28329.746684789658,472.1624447464943,,0.6406496441339262,12.0
aug_mnist,320,5.0,0.0,3.0,3.0,0.9749999999695312,0.6562499999794922,4760.954603433609,79.34924339056015,,0.6037490224649587,12.0
aug_mnist,320,5.0,0.0,4.0,1.0,0.6749999999789063,0.6749999999789063,4376.240649700165,72.93734416166942,,0.6608211374076332,12.0
aug_mnist,5120,3.0,0.0,3.0,1.0,0.9748995983886802,0.6827309236913518,60913.38727116585,1015.2231211860976,,0.6388560485827366,10.0
aug_mnist,320,5.0,0.0,4.0,2.0,0.8499999999734374,0.8499999999734374,4501.100279331207,75.01833798885346,,0.6458085542715437,20.0
aug_mnist,2560,3.0,0.0,4.0,3.0,0.8072289156585983,0.8072289156585983,62212.03037047386,1036.867172841231,,0.6324763852333158,14.0
aug_mnist,320,5.0,0.0,4.0,3.0,0.8874999999722656,0.8874999999722656,5319.413548946381,88.65689248243967,,0.631765169481562,12.0
aug_mnist,1280,4.0,0.0,4.0,2.0,0.8890624999930543,0.8890624999930543,31741.34601354599,529.0224335590998,,0.6435105615803989,11.0
aug_mnist,2560,4.0,0.0,3.0,2.0,0.9372489959792308,0.6370481927678864,32636.18874502182,543.936479083697,,0.634770307538414,32.0
aug_mnist,640,5.0,0.0,3.0,2.0,0.9312499999854492,0.6515624999898193,7546.460266113281,125.77433776855467,,0.6357382869621124,21.0
aug_mnist,640,5.0,0.0,3.0,1.0,0.9749999999847656,0.6749999999894531,8140.722247600555,135.6787041266759,,0.6393402176995516,14.0
aug_mnist,640,5.0,0.0,3.0,3.0,0.9640624999849364,0.6890624999892334,7218.020033836365,120.30033389727276,,0.5939178830292409,21.0
aug_mnist,2560,4.0,0.0,3.0,3.0,0.9723895582280504,0.6972891566230056,36857.0139541626,614.2835659027099,,0.5945890682912489,21.0
aug_mnist,5120,3.0,0.0,3.0,3.0,0.9297188754973408,0.7038152610406435,66351.45777654648,1105.857629609108,,0.6241600376355378,23.0
aug_mnist,640,5.0,0.0,4.0,2.0,0.9187499999856444,0.9187499999856444,10606.87218427658,176.78120307127634,,0.643409750451525,14.0
aug_mnist,640,5.0,0.0,4.0,1.0,0.6749999999894531,0.6749999999894531,11143.855388879776,185.73092314799624,,0.656585235585444,10.0
aug_mnist,640,5.0,0.0,4.0,3.0,0.7671874999880127,0.7671874999880127,12630.827414035795,210.51379023393,,0.6349782180686918,23.0
aug_mnist,5120,3.0,0.0,3.0,2.0,0.9407630522041128,0.7314257028075732,70874.66392111778,1181.2443986852963,,0.6358054447161654,23.0
aug_mnist,1280,5.0,0.0,3.0,1.0,0.9640624999924684,0.6773437499947083,13035.646587848663,217.2607764641444,,0.6411217319915277,13.0
aug_mnist,2560,4.0,0.0,4.0,1.0,0.6917670682696196,0.6917670682696196,40262.61739063263,671.0436231772105,,0.6549263232920812,15.0
aug_mnist,1280,5.0,0.0,3.0,2.0,0.950781249992572,0.6484374999949342,15829.229259252548,263.8204876542092,,0.6357106935928271,17.0
aug_mnist,1280,5.0,0.0,3.0,3.0,0.9898437499922668,0.6585937499948548,15699.594653129578,261.65991088549293,,0.5978281772089983,17.0
aug_mnist,2560,4.0,0.0,4.0,2.0,0.9066265060195452,0.9066265060195452,44224.33764004707,737.0722940007846,,0.6427705955480263,10.0
aug_mnist,20,6.0,0.0,3.0,1.0,0.949999999525,0.549999999725,194.5508508682251,3.242514181137085,,0.6371032050046677,8.0
aug_mnist,20,6.0,0.0,3.0,2.0,0.7999999996,0.49999999975,198.14186334609985,3.302364389101664,,0.643170807934087,11.0
aug_mnist,20,6.0,0.0,3.0,3.0,0.7999999996,0.5999999997,198.8324329853058,3.3138738830884296,,0.5950487092142326,20.0
aug_mnist,20,6.0,0.0,4.0,1.0,0.549999999725,0.549999999725,263.385457277298,4.389757621288299,,0.6724008184289629,11.0
aug_mnist,20,6.0,0.0,4.0,2.0,0.6999999996499999,0.6999999996499999,287.3884754180908,4.789807923634847,,0.664743867780192,28.0
aug_mnist,20,6.0,0.0,4.0,3.0,0.649999999675,0.649999999675,475.2110741138458,7.920184568564097,,0.6419822296270526,31.0
aug_mnist,1280,5.0,0.0,4.0,1.0,0.7015624999945191,0.7015624999945191,18842.235948562626,314.03726580937706,,0.656092241401315,9.0
aug_mnist,40,6.0,0.0,3.0,1.0,0.97499999975625,0.67499999983125,502.2729048728943,8.371215081214904,,0.6338370899761614,10.0
aug_mnist,40,6.0,0.0,3.0,2.0,0.72499999981875,0.59999999985,408.4532220363617,6.807553700606028,,0.6468225340418237,9.0
aug_mnist,40,6.0,0.0,3.0,3.0,0.97499999975625,0.67499999983125,394.2991154193878,6.571651923656464,,0.5920203034589819,10.0
aug_mnist,40,6.0,0.0,4.0,1.0,0.6499999998375,0.6499999998375,536.8582406044006,8.947637343406678,,0.6733860342011221,4.0
aug_mnist,40,6.0,0.0,4.0,2.0,0.62499999984375,0.62499999984375,723.5998420715332,12.059997367858887,,0.6745152531368064,16.0
aug_mnist,40,6.0,0.0,4.0,3.0,0.9499999997625,0.9499999997625,605.9283845424652,10.098806409041089,,0.6335408894623956,17.0
aug_mnist,80,6.0,0.0,3.0,1.0,0.9374999998828126,0.6999999999125001,1039.572383403778,17.326206390062968,,0.637489587584918,7.0
aug_mnist,80,6.0,0.0,3.0,2.0,0.8999999998875001,0.7624999999046875,807.0799548625946,13.451332581043244,,0.6411323439273505,9.0
aug_mnist,2560,4.0,0.0,4.0,3.0,0.9021084337304112,0.9021084337304112,49017.98403215408,816.9664005359014,,0.6171907323574752,15.0
aug_mnist,80,6.0,0.0,3.0,3.0,0.9624999998796876,0.7499999999062501,1120.311761379242,18.67186268965403,,0.6093439530564615,14.0
aug_mnist,80,6.0,0.0,4.0,1.0,0.7374999999078126,0.7374999999078126,1435.8333427906036,23.930555713176727,,0.6621815799839081,21.0
aug_mnist,80,6.0,0.0,4.0,2.0,0.974999999878125,0.974999999878125,1110.7821712493896,18.513036187489828,,0.6450824671177366,21.0
aug_mnist,1280,5.0,0.0,4.0,2.0,0.905468749992926,0.905468749992926,21871.280191659927,364.5213365276655,,0.642666400069938,15.0
aug_mnist,80,6.0,0.0,4.0,3.0,0.8624999998921876,0.8624999998921876,1489.0303330421448,24.81717221736908,,0.6224400394376904,14.0
aug_mnist,160,6.0,0.0,3.0,2.0,0.918749999942578,0.5749999999640625,1759.4941132068634,29.324901886781056,,0.6384977620441011,8.0
aug_mnist,160,6.0,0.0,3.0,1.0,0.9562499999402344,0.6874999999570313,2112.3132905960083,35.20522150993347,,0.6394583171206403,14.0
aug_mnist,160,6.0,0.0,3.0,3.0,0.9749999999390624,0.7124999999554688,2209.778969764709,36.82964949607849,,0.5980481868608536,14.0
aug_mnist,160,6.0,0.0,4.0,1.0,0.6749999999578125,0.6749999999578125,2397.899620532989,39.96499367554983,,0.6613322382752026,22.0
aug_mnist,160,6.0,0.0,4.0,2.0,0.9062499999433592,0.9062499999433592,2565.527291059494,42.7587881843249,,0.6441500925615167,22.0
aug_mnist,160,6.0,0.0,4.0,3.0,0.9124999999429688,0.9124999999429688,2948.8854377269745,49.14809062878291,,0.6220044958202708,15.0
aug_mnist,320,6.0,0.0,3.0,2.0,0.8531249999733398,0.6062499999810547,3613.228549003601,60.22047581672668,,0.6410249829091976,12.0
aug_mnist,5120,3.0,0.0,4.0,2.0,0.8579317269033236,0.8579317269033236,87414.48513889313,1456.9080856482187,,0.6415178340660916,14.0
aug_mnist,320,6.0,0.0,3.0,1.0,0.962499999969922,0.6343749999801758,4591.131957292557,76.51886595487595,,0.6397833454408985,7.0
aug_mnist,320,6.0,0.0,3.0,3.0,0.9749999999695312,0.6624999999792969,3299.9248492717743,54.99874748786291,,0.5969189470819856,7.0
aug_mnist,1280,5.0,0.0,4.0,3.0,0.875781249993158,0.875781249993158,27572.094987154007,459.5349164525668,,0.6237350553225427,27.0
aug_mnist,5120,2.0,0.0,4.0,3.0,0.8544176706784418,0.8544176706784418,121993.2492492199,2033.220820820332,,0.6265131539094132,26.0
aug_mnist,320,6.0,0.0,4.0,1.0,0.6874999999785156,0.6874999999785156,5276.873636007309,87.94789393345515,,0.6592576163801168,21.0
aug_mnist,2560,5.0,0.0,3.0,1.0,0.9487951807181286,0.6852409638519817,30100.025047779083,501.6670841296514,,0.6400375002597604,6.0
aug_mnist,2560,5.0,0.0,3.0,2.0,0.9367469879471048,0.6385542168642643,30731.84386086464,512.1973976810773,,0.6351629006837829,12.0
aug_mnist,320,6.0,0.0,4.0,2.0,0.8749999999726562,0.8749999999726562,4987.036873579025,83.11728122631709,,0.6443701129950383,21.0
aug_mnist,320,6.0,0.0,4.0,3.0,0.8531249999733398,0.8531249999733398,4755.256691455841,79.25427819093069,,0.6200571554705447,7.0
aug_mnist,5120,4.0,0.0,3.0,3.0,0.9477911646538766,0.6752008032094619,57616.77277612686,960.279546268781,,0.5962891644227779,22.0
aug_mnist,5120,4.0,0.0,3.0,1.0,0.9678714859389164,0.6752008032094619,59685.14857339859,994.7524762233098,,0.6394843590247061,14.0
aug_mnist,5120,3.0,0.0,4.0,1.0,0.66415662650269,0.66415662650269,96102.55527710916,1601.7092546184858,,0.6550143212067209,20.0
aug_mnist,640,6.0,0.0,3.0,2.0,0.9312499999854492,0.7218749999887207,7061.130716085434,117.68551193475724,,0.6389852756161984,20.0
aug_mnist,640,6.0,0.0,3.0,1.0,0.9687499999848632,0.682812499989331,7444.274191617966,124.07123652696608,,0.6391537117858201,13.0
aug_mnist,2560,5.0,0.0,3.0,3.0,0.9733935742923024,0.6731927710809579,32133.959486722943,535.5659914453825,,0.5922620677924864,20.0
aug_mnist,640,6.0,0.0,3.0,3.0,0.9718749999848144,0.6703124999895264,9889.242824792862,164.8207137465477,,0.5960672271158542,20.0
aug_mnist,5120,4.0,0.0,3.0,2.0,0.9236947791118288,0.6204819277077286,64626.24351096153,1077.1040585160256,,0.6340805214631094,14.0
aug_mnist,640,6.0,0.0,4.0,1.0,0.6624999999896485,0.6624999999896485,11541.036860227585,192.3506143371264,,0.6565502792494231,20.0
aug_mnist,640,6.0,0.0,4.0,3.0,0.8624999999865234,0.8624999999865234,10443.956864356996,174.06594773928325,,0.6176315128706749,20.0
aug_mnist,640,6.0,0.0,4.0,2.0,0.8874999999861328,0.8874999999861328,12897.195069789886,214.9532511631648,,0.6443877714771675,8.0
aug_mnist,1280,6.0,0.0,3.0,2.0,0.9484374999925904,0.6437499999949707,13256.323119878767,220.93871866464616,,0.6371249806831176,17.0
aug_mnist,1280,6.0,0.0,3.0,1.0,0.982812499992322,0.6882812499946228,13389.756994485855,223.16261657476423,,0.6404411160895858,18.0
aug_mnist,1280,6.0,0.0,3.0,3.0,0.989062499992273,0.6632812499948182,13337.580645799637,222.2930107633273,,0.5950641125394109,8.0
aug_mnist,2560,5.0,0.0,4.0,2.0,0.9066265060195452,0.9066265060195452,42759.13571834564,712.6522619724274,,0.642570611832016,21.0
aug_mnist,2560,5.0,0.0,4.0,1.0,0.6802208835307219,0.6802208835307219,42977.91624832153,716.2986041386922,,0.6541842573855596,14.0
aug_mnist,20,7.0,0.0,3.0,1.0,0.949999999525,0.5999999997,228.8211231231689,3.813685385386149,,0.6467599639042965,11.0
aug_mnist,20,7.0,0.0,3.0,2.0,0.7999999996,0.5999999997,232.90617752075195,3.881769625345866,,0.6482025602199127,11.0
aug_mnist,20,7.0,0.0,3.0,3.0,0.7999999996,0.549999999725,231.2259078025818,3.85376513004303,,0.6054669403982744,11.0
aug_mnist,20,7.0,0.0,4.0,1.0,0.549999999725,0.549999999725,297.82966232299805,4.9638277053833,,0.67157309140959,4.0
aug_mnist,20,7.0,0.0,4.0,2.0,0.49999999975,0.49999999975,315.455447435379,5.25759079058965,,0.6749519541465099,4.0
aug_mnist,1280,6.0,0.0,4.0,1.0,0.7070312499944764,0.7070312499944764,16840.28075861931,280.67134597698845,,0.656774815911884,18.0
aug_mnist,20,7.0,0.0,4.0,3.0,0.749999999625,0.749999999625,329.57130122184753,5.492855020364126,,0.6297046688030752,10.0
aug_mnist,40,7.0,0.0,3.0,1.0,0.9499999997625,0.6999999998249999,381.52570271492,6.358761711915334,,0.641672681409635,7.0
aug_mnist,5120,3.0,0.0,4.0,3.0,0.7394578313215892,0.7394578313215892,110352.47055768968,1839.2078426281607,,0.631562874911982,26.0
aug_mnist,40,7.0,0.0,3.0,2.0,0.6999999998249999,0.59999999985,461.4407646656037,7.690679411093394,,0.6572924558665225,15.0
aug_mnist,40,7.0,0.0,3.0,3.0,0.97499999975625,0.72499999981875,387.5533936023712,6.459223226706187,,0.6079520626336374,15.0
aug_mnist,40,7.0,0.0,4.0,2.0,0.7999999998,0.7999999998,616.2408816814423,10.27068136135737,,0.6768648020721092,15.0
aug_mnist,40,7.0,0.0,4.0,1.0,0.6999999998249999,0.6999999998249999,661.7722234725952,11.029537057876588,,0.6735830847725145,15.0
aug_mnist,40,7.0,0.0,4.0,3.0,0.899999999775,0.899999999775,570.6194727420807,9.510324545701344,,0.6430487577499663,33.0
aug_mnist,2560,5.0,0.0,4.0,3.0,0.8790160642526155,0.8790160642526155,45978.31515526772,766.3052525877953,,0.6332641994928419,12.0
aug_mnist,80,7.0,0.0,3.0,3.0,0.9624999998796876,0.724999999909375,778.7449388504028,12.97908231417338,,0.6081578915551067,26.0
aug_mnist,80,7.0,0.0,3.0,1.0,0.9374999998828126,0.7124999999109376,918.1957824230194,15.303263040383657,,0.6435447280794614,10.0
aug_mnist,80,7.0,0.0,3.0,2.0,0.5874999999265625,0.624999999921875,951.3814749717712,15.856357916196188,,0.654707227267443,10.0
aug_mnist,80,7.0,0.0,4.0,1.0,0.6749999999156251,0.6749999999156251,1203.8549721240995,20.06424953540166,,0.6612755935557608,10.0
aug_mnist,80,7.0,0.0,4.0,2.0,0.874999999890625,0.874999999890625,1084.0821030139923,18.06803505023321,,0.6571598278654716,27.0
aug_mnist,80,7.0,0.0,4.0,3.0,0.8124999998984376,0.8124999998984376,1320.7257177829742,22.012095296382903,,0.6260300426892711,10.0
aug_mnist,1280,6.0,0.0,4.0,2.0,0.8976562499929871,0.8976562499929871,20047.785315275192,334.12975525458654,,0.6436137729832913,18.0
aug_mnist,160,7.0,0.0,3.0,1.0,0.949999999940625,0.6749999999578125,1815.7421474456787,30.262369124094644,,0.6439310997322076,13.0
aug_mnist,160,7.0,0.0,3.0,3.0,0.9687499999394532,0.7062499999558594,1578.692296743393,26.31153827905655,,0.6063750773289305,13.0
aug_mnist,160,7.0,0.0,3.0,2.0,0.9437499999410156,0.6249999999609375,1825.0030381679533,30.416717302799224,,0.6395312773781658,13.0
aug_mnist,1280,6.0,0.0,4.0,3.0,0.9249999999927736,0.9249999999927736,20854.96861934662,347.58281032244366,,0.6183649653148027,26.0
aug_mnist,160,7.0,0.0,4.0,1.0,0.6749999999578125,0.6749999999578125,2413.2862010002136,40.2214366833369,,0.6631856959643722,27.0
aug_mnist,160,7.0,0.0,4.0,2.0,0.6187499999613281,0.6187499999613281,2222.056990146637,37.034283169110616,,0.6652578991235749,8.0
aug_mnist,160,7.0,0.0,4.0,3.0,0.8437499999472656,0.8437499999472656,2435.8182516098022,40.596970860163374,,0.6456376093222499,16.0
aug_mnist,320,7.0,0.0,3.0,1.0,0.9531249999702148,0.6406249999799805,3060.9100575447083,51.015167625745136,,0.6417471670903885,19.0
aug_mnist,320,7.0,0.0,3.0,2.0,0.918749999971289,0.609374999980957,3369.5909152030945,56.15984858671824,,0.6361316895286133,9.0
aug_mnist,320,7.0,0.0,3.0,3.0,0.9749999999695312,0.690624999978418,3243.4862761497498,54.05810460249583,,0.5992177104762696,19.0
aug_mnist,320,7.0,0.0,4.0,1.0,0.6718749999790039,0.6718749999790039,4673.41574215889,77.89026236931483,,0.659800446012859,11.0
aug_mnist,320,7.0,0.0,4.0,2.0,0.8374999999738281,0.8374999999738281,4390.071258068085,73.16785430113474,,0.6447359007395489,21.0
aug_mnist,2560,6.0,0.0,3.0,1.0,0.9789156626456882,0.6937751003981236,26624.358804941177,443.7393134156863,,0.6397980028365892,12.0
aug_mnist,320,7.0,0.0,4.0,3.0,0.8468749999735351,0.8468749999735351,5399.834265708923,89.99723776181538,,0.6254923856062925,9.0
aug_mnist,640,7.0,0.0,3.0,1.0,0.9671874999848876,0.6765624999894287,6124.491710662842,102.07486184438068,,0.6400077897210256,23.0
aug_mnist,2560,6.0,0.0,3.0,3.0,0.986445783127578,0.6822289156592258,27584.94842982292,459.7491404970487,,0.5971846157289066,15.0
aug_mnist,5120,4.0,0.0,4.0,2.0,0.8845381526060013,0.8845381526060013,88176.75918602943,1469.612653100491,,0.6417939966904503,12.0
aug_mnist,640,7.0,0.0,3.0,2.0,0.8921874999860595,0.62656249999021,6713.898643732071,111.89831072886786,,0.6361169248719959,23.0
aug_mnist,5120,4.0,0.0,4.0,1.0,0.6636546184705641,0.6636546184705641,89434.86697483063,1490.581116247177,,0.6551902371632178,14.0
aug_mnist,640,7.0,0.0,3.0,3.0,0.9781249999847168,0.6781249999894043,6212.134016275406,103.53556693792343,,0.6005941700841522,18.0
aug_mnist,5120,5.0,0.0,3.0,1.0,0.9558232931678924,0.6842369477877298,58674.82880592346,977.9138134320576,,0.6389529746758379,19.0
aug_mnist,2560,6.0,0.0,3.0,2.0,0.9357429718828528,0.6350401606393824,31235.43496322632,520.5905827204386,,0.6340509563659696,12.0
aug_mnist,640,7.0,0.0,4.0,1.0,0.6796874999893798,0.6796874999893798,9481.02544927597,158.01709082126618,,0.6578096240656113,12.0
aug_mnist,640,7.0,0.0,4.0,2.0,0.8109374999873291,0.8109374999873291,9771.857110977173,162.86428518295287,,0.6448629605669353,23.0
aug_mnist,640,7.0,0.0,4.0,3.0,0.8499999999867187,0.8499999999867187,9494.753922700882,158.24589871168138,,0.6241788774631247,21.0
aug_mnist,5120,5.0,0.0,3.0,3.0,0.9688755020031684,0.6480923694746582,64309.03786325455,1071.8172977209092,,0.5909326118219278,19.0
aug_mnist,5120,4.0,0.0,4.0,3.0,0.8860441767023793,0.8860441767023793,96241.0652360916,1604.01775393486,,0.6169256168591848,21.0
aug_mnist,1280,7.0,0.0,3.0,1.0,0.967187499992444,0.6749999999947266,12326.050424814224,205.43417374690367,,0.6401633155295905,17.0
aug_mnist,1280,7.0,0.0,3.0,2.0,0.9499999999925782,0.6507812499949158,11921.343411445618,198.6890568574269,,0.636202600593365,12.0
aug_mnist,1280,7.0,0.0,3.0,3.0,0.9851562499923036,0.6859374999946412,12217.357893705368,203.62263156175607,,0.5993001931858927,17.0
aug_mnist,5120,5.0,0.0,3.0,2.0,0.9252008032082067,0.6184738955792246,71005.06153702736,1183.4176922837894,,0.6333650875079182,12.0
aug_mnist,2560,6.0,0.0,4.0,1.0,0.6752008032094619,0.6752008032094619,41808.89244365692,696.8148740609487,,0.6547825294707471,15.0
aug_mnist,1280,7.0,0.0,4.0,1.0,0.7070312499944764,0.7070312499944764,15884.274781942368,264.7379130323728,,0.6537042969414186,12.0
aug_mnist,20,8.0,0.0,3.0,1.0,0.89999999955,0.5999999997,199.7539982795716,3.329233304659525,,0.6476302429775764,12.0
aug_mnist,20,8.0,0.0,3.0,2.0,0.7999999996,0.649999999675,173.245995759964,2.8874332626660664,,0.6623639335896783,8.0
aug_mnist,20,8.0,0.0,3.0,3.0,0.8499999995749999,0.549999999725,196.9824154376984,3.2830402572949726,,0.6127301728642014,18.0
aug_mnist,20,8.0,0.0,4.0,1.0,0.549999999725,0.549999999725,234.31262874603271,3.905210479100545,,0.6728607549879333,10.0
aug_mnist,2560,6.0,0.0,4.0,2.0,0.9081325301159232,0.9081325301159232,41570.06719779968,692.8344532966614,,0.6423750597213449,15.0
aug_mnist,20,8.0,0.0,4.0,2.0,0.6999999996499999,0.6999999996499999,258.1124403476715,4.3018740057945255,,0.659130196241785,26.0
aug_mnist,20,8.0,0.0,4.0,3.0,0.6999999996499999,0.6999999996499999,260.5591175556183,4.342651959260305,,0.6610470643314561,13.0
aug_mnist,40,8.0,0.0,3.0,2.0,0.7999999998,0.6499999998375,361.957487821579,6.032624797026316,,0.6540108541999388,18.0
aug_mnist,40,8.0,0.0,3.0,1.0,0.97499999975625,0.6999999998249999,464.6277132034302,7.743795220057169,,0.6388070522141843,18.0
aug_mnist,40,8.0,0.0,3.0,3.0,0.99999999975,0.6999999998249999,349.7975130081177,5.829958550135294,,0.6021741263553081,18.0
aug_mnist,40,8.0,0.0,4.0,1.0,0.6999999998249999,0.6999999998249999,491.48222827911377,8.191370471318562,,0.6737083391651072,9.0
aug_mnist,40,8.0,0.0,4.0,2.0,0.72499999981875,0.72499999981875,614.2526140213013,10.237543567021689,,0.6672911731720672,22.0
aug_mnist,40,8.0,0.0,4.0,3.0,0.87499999978125,0.87499999978125,520.4559555053711,8.674265925089518,,0.6459234951311827,26.0
aug_mnist,80,8.0,0.0,3.0,1.0,0.9624999998796876,0.6999999999125001,750.004312992096,12.5000718832016,,0.6353183703820492,9.0
aug_mnist,80,8.0,0.0,3.0,3.0,0.94999999988125,0.7499999999062501,702.1106865406036,11.701844775676728,,0.5904524838186342,17.0
aug_mnist,80,8.0,0.0,3.0,2.0,0.64999999991875,0.6874999999140625,915.3828237056732,15.256380395094554,,0.645921452560747,16.0
aug_mnist,2560,6.0,0.0,4.0,3.0,0.8433734939716698,0.8433734939716698,41980.08533644676,699.6680889407794,,0.6197006046747796,15.0
aug_mnist,1280,7.0,0.0,4.0,3.0,0.9171874999928346,0.9171874999928346,18227.946108341217,303.799101805687,,0.6163335698794852,29.0
aug_mnist,1280,7.0,0.0,4.0,2.0,0.905468749992926,0.905468749992926,18461.172693252563,307.68621155420936,,0.6425805026242599,18.0
aug_mnist,80,8.0,0.0,4.0,1.0,0.6749999999156251,0.6749999999156251,1012.3651688098907,16.872752813498177,,0.6562067251577279,20.0
aug_mnist,80,8.0,0.0,4.0,2.0,0.94999999988125,0.94999999988125,984.4570665359496,16.40761777559916,,0.64592501930269,10.0
aug_mnist,80,8.0,0.0,4.0,3.0,0.7874999999015626,0.7874999999015626,1346.4556567668917,22.440927612781525,,0.618960890096542,11.0
aug_mnist,160,8.0,0.0,3.0,2.0,0.8812499999449218,0.768749999951953,1399.7843222618103,23.329738704363503,,0.6436001109674654,11.0
aug_mnist,160,8.0,0.0,3.0,1.0,0.9624999999398436,0.6687499999582031,1477.3476147651672,24.62246024608612,,0.6428633051708882,22.0
aug_mnist,160,8.0,0.0,3.0,3.0,0.9749999999390624,0.7249999999546874,1609.944394826889,26.83240658044815,,0.6023788481574273,7.0
aug_mnist,160,8.0,0.0,4.0,1.0,0.6874999999570313,0.6874999999570313,2064.077898979187,34.40129831631978,,0.6651369237484069,11.0
aug_mnist,160,8.0,0.0,4.0,2.0,0.9124999999429688,0.9124999999429688,2007.903651237488,33.46506085395813,,0.6502338403056968,11.0
aug_mnist,160,8.0,0.0,4.0,3.0,0.9062499999433592,0.9062499999433592,2417.797934532165,40.29663224220276,,0.6250158089008703,28.0
aug_mnist,320,8.0,0.0,3.0,2.0,0.9031249999717772,0.6781249999788086,2847.4683804512024,47.457806340853374,,0.6388686913052231,10.0
aug_mnist,5120,5.0,0.0,4.0,1.0,0.664658634534816,0.664658634534816,80006.68678736687,1333.4447797894477,,0.6545083761202426,13.0
aug_mnist,320,8.0,0.0,3.0,1.0,0.9656249999698242,0.6406249999799805,2951.731920003891,49.19553200006485,,0.6400090133943827,15.0
aug_mnist,320,8.0,0.0,3.0,3.0,0.9562499999701172,0.6687499999791016,3248.580153465271,54.143002557754514,,0.6007818400672088,6.0
aug_mnist,2560,7.0,0.0,3.0,1.0,0.9638554216819084,0.6782128514022179,23978.86835956573,399.64780599276224,,0.6404022979711312,17.0
aug_mnist,2560,7.0,0.0,3.0,2.0,0.9437751003968686,0.6395582329285163,24239.28826236725,403.9881377061208,,0.634911824462318,13.0
aug_mnist,320,8.0,0.0,4.0,2.0,0.8718749999727539,0.8718749999727539,4070.869633197784,67.84782721996308,,0.6436118453539945,10.0
aug_mnist,320,8.0,0.0,4.0,1.0,0.6718749999790039,0.6718749999790039,4183.693194627762,69.7282199104627,,0.6595743554624435,20.0
aug_mnist,5120,6.0,0.0,3.0,1.0,0.9733935742923024,0.6867469879483598,49959.173426389694,832.6528904398282,,0.6386739808308526,9.0
aug_mnist,320,8.0,0.0,4.0,3.0,0.8718749999727539,0.8718749999727539,5048.78102517128,84.14635041952133,,0.6191353219554064,20.0
aug_mnist,5120,5.0,0.0,4.0,3.0,0.8413654618431659,0.8413654618431659,81547.53018450737,1359.1255030751229,,0.6319524157034929,13.0
aug_mnist,640,8.0,0.0,3.0,1.0,0.9749999999847656,0.6765624999894287,5929.312730789185,98.8218788464864,,0.6380461704631293,9.0
aug_mnist,5120,5.0,0.0,4.0,2.0,0.8925702811200172,0.8925702811200172,82605.8889594078,1376.76481599013,,0.64145600557202,15.0
aug_mnist,640,8.0,0.0,3.0,3.0,0.9765624999847412,0.6687499999895508,5949.64928150177,99.16082135836284,,0.5941184502747211,11.0
aug_mnist,640,8.0,0.0,3.0,2.0,0.9234374999855712,0.7468749999883301,7621.361340761185,127.0226890126864,,0.6374550336499748,9.0
aug_mnist,5120,6.0,0.0,3.0,3.0,0.9482931726860026,0.6917670682696196,51024.90055418015,850.4150092363358,,0.5965746480214864,9.0
aug_mnist,640,8.0,0.0,4.0,1.0,0.6781249999894043,0.6781249999894043,8057.969619035721,134.29949365059534,,0.6563505953447784,11.0
aug_mnist,2560,7.0,0.0,3.0,3.0,0.9784136546135622,0.6997991967836356,31193.163206100464,519.8860534350077,,0.5993313878751232,11.0
aug_mnist,640,8.0,0.0,4.0,2.0,0.8937499999860351,0.8937499999860351,8933.999058246613,148.8999843041102,,0.6438771396774775,22.0
aug_mnist,640,8.0,0.0,4.0,3.0,0.8687499999864258,0.8687499999864258,8830.183134555817,147.16971890926362,,0.6181044644020777,22.0
aug_mnist,1280,8.0,0.0,3.0,1.0,0.9773437499923646,0.6843749999946533,11862.642213582993,197.7107035597165,,0.6400559616038863,9.0
aug_mnist,2560,7.0,0.0,4.0,1.0,0.6942771084302497,0.6942771084302497,32467.78425383568,541.129737563928,,0.6561991053794023,17.0
aug_mnist,1280,8.0,0.0,3.0,3.0,0.9734374999923951,0.7296874999942994,11874.056838274002,197.9009473045667,,0.59727975725661,9.0
aug_mnist,1280,8.0,0.0,3.0,2.0,0.7953124999937867,0.7562499999940918,13504.84792470932,225.0807987451553,,0.6441888713786343,20.0
aug_mnist,2560,7.0,0.0,4.0,2.0,0.9101405622444272,0.9101405622444272,35839.6051595211,597.326752658685,,0.659898035523698,13.0
aug_mnist,20,9.0,0.0,3.0,1.0,0.8499999995749999,0.549999999725,165.1386330127716,2.75231055021286,,0.640583940424108,13.0
aug_mnist,20,9.0,0.0,3.0,2.0,0.7999999996,0.6999999996499999,168.7741208076477,2.812902013460795,,0.6519601782876825,3.0
aug_mnist,5120,6.0,0.0,3.0,2.0,0.9452811244932466,0.6962851405587537,63989.8949072361,1066.498248453935,,0.6418576717364173,16.0
aug_mnist,20,9.0,0.0,3.0,3.0,0.8499999995749999,0.49999999975,168.52086973190308,2.8086811621983845,,0.6091441118651704,14.0
aug_mnist,2560,7.0,0.0,4.0,3.0,0.8564257028069457,0.8564257028069457,35498.93017148972,591.6488361914952,,0.6239191269850201,27.0
aug_mnist,20,9.0,0.0,4.0,2.0,0.449999999775,0.449999999775,239.1648066043853,3.9860801100730896,,0.6619235929517377,11.0
aug_mnist,20,9.0,0.0,4.0,1.0,0.3999999998,0.3999999998,270.23699283599854,4.503949880599976,,0.6853756120354326,3.0
aug_mnist,20,9.0,0.0,4.0,3.0,0.749999999625,0.749999999625,320.0670852661133,5.334451421101888,,0.6372602599653169,11.0
aug_mnist,40,9.0,0.0,3.0,1.0,0.72499999981875,0.52499999986875,346.194450378418,5.769907506306966,,0.6399945048877995,9.0
aug_mnist,40,9.0,0.0,3.0,2.0,0.72499999981875,0.62499999984375,416.86940336227417,6.947823389371236,,0.6500431696935607,7.0
aug_mnist,40,9.0,0.0,3.0,3.0,0.99999999975,0.72499999981875,465.7165424823761,7.761942374706268,,0.6000469733764662,9.0
aug_mnist,40,9.0,0.0,4.0,1.0,0.7499999998125,0.7499999998125,461.6220979690552,7.693701632817587,,0.6764357577063336,20.0
aug_mnist,1280,8.0,0.0,4.0,1.0,0.7156249999944092,0.7156249999944092,15721.440342903135,262.0240057150523,,0.6548709243484834,10.0
aug_mnist,40,9.0,0.0,4.0,2.0,0.67499999983125,0.67499999983125,583.4949324131012,9.724915540218351,,0.6760636286237469,9.0
aug_mnist,40,9.0,0.0,4.0,3.0,0.6999999998249999,0.6999999998249999,641.1103374958038,10.68517229159673,,0.6564751224068727,20.0
aug_mnist,80,9.0,0.0,3.0,1.0,0.94999999988125,0.7124999999109376,697.9477729797363,11.632462882995606,,0.638050436297769,11.0
aug_mnist,80,9.0,0.0,3.0,2.0,0.9249999998843752,0.6624999999171876,865.1729538440704,14.419549230734509,,0.6386682020819554,11.0
aug_mnist,80,9.0,0.0,3.0,3.0,0.94999999988125,0.7499999999062501,886.1066098213196,14.768443497021993,,0.5941537871214134,15.0
aug_mnist,80,9.0,0.0,4.0,1.0,0.6624999999171876,0.6624999999171876,1132.8211505413055,18.88035250902176,,0.661836551941158,21.0
aug_mnist,80,9.0,0.0,4.0,2.0,0.8874999998890626,0.8874999998890626,1014.6090397834778,16.910150663057962,,0.6553750287667262,17.0
aug_mnist,80,9.0,0.0,4.0,3.0,0.724999999909375,0.724999999909375,1113.6694962978363,18.561158271630607,,0.6226600485261791,18.0
aug_mnist,1280,8.0,0.0,4.0,2.0,0.8617187499932679,0.8617187499932679,16671.221187114716,277.8536864519119,,0.6429168373296101,25.0
aug_mnist,160,9.0,0.0,3.0,1.0,0.9312499999417968,0.6187499999613281,1551.2697513103485,25.85449585517248,,0.6409600400524083,12.0
aug_mnist,160,9.0,0.0,3.0,3.0,0.9687499999394532,0.6874999999570313,1592.3189024925232,26.538648374875383,,0.6021252399306671,17.0
aug_mnist,160,9.0,0.0,3.0,2.0,0.9562499999402344,0.5812499999636719,1778.9640600681305,29.64940100113551,,0.6370329564411653,8.0
aug_mnist,160,9.0,0.0,4.0,1.0,0.6749999999578125,0.6749999999578125,1965.3542573452,32.75590428908666,,0.6636926924767534,9.0
aug_mnist,160,9.0,0.0,4.0,2.0,0.9062499999433592,0.9062499999433592,2065.723705053329,34.42872841755549,,0.6457485413147737,20.0
aug_mnist,1280,8.0,0.0,4.0,3.0,0.9242187499927796,0.9242187499927796,18462.95508384705,307.71591806411743,,0.6169962972354369,19.0
aug_mnist,5120,6.0,0.0,4.0,1.0,0.6556224899565481,0.6556224899565481,67772.54340004921,1129.5423900008202,,0.6545100456463429,16.0
aug_mnist,160,9.0,0.0,4.0,3.0,0.9124999999429688,0.9124999999429688,2355.833403110504,39.26389005184173,,0.6231056153384821,17.0
aug_mnist,320,9.0,0.0,3.0,1.0,0.9531249999702148,0.6499999999796875,2980.571915626526,49.67619859377543,,0.6406618279018466,11.0
aug_mnist,320,9.0,0.0,3.0,2.0,0.8968749999719726,0.6031249999811523,3391.644185066223,56.527403084437054,,0.6383230572739442,8.0
aug_mnist,320,9.0,0.0,3.0,3.0,0.981249999969336,0.6687499999791016,3217.863116979599,53.631051949659984,,0.5974280541948541,21.0
aug_mnist,320,9.0,0.0,4.0,1.0,0.6624999999792969,0.6624999999792969,4075.152541399002,67.9192090233167,,0.6567418396267699,8.0
aug_mnist,320,9.0,0.0,4.0,2.0,0.8343749999739257,0.8343749999739257,4256.641737222672,70.9440289537112,,0.6436112397708036,20.0
aug_mnist,2560,8.0,0.0,3.0,1.0,0.9733935742923024,0.6807228915628478,22773.33351612091,379.5555586020152,,0.6397795003627582,13.0
aug_mnist,320,9.0,0.0,4.0,3.0,0.7843749999754882,0.7843749999754882,4144.023788928986,69.06706314881643,,0.6310860091250616,8.0
aug_mnist,640,9.0,0.0,3.0,1.0,0.9687499999848632,0.6749999999894531,5834.929249048233,97.24882081747054,,0.6406732094187767,13.0
aug_mnist,5120,6.0,0.0,4.0,2.0,0.8810240963811194,0.8810240963811194,74983.39069056511,1249.7231781760852,,0.6416813731181009,17.0
aug_mnist,640,9.0,0.0,3.0,2.0,0.9421874999852784,0.6531249999897949,5905.214074134827,98.42023456891378,,0.6364261788030365,18.0
aug_mnist,2560,8.0,0.0,3.0,2.0,0.9267068273045848,0.7143574297152894,26939.280627965927,448.9880104660988,,0.6420538717483236,17.0
aug_mnist,640,9.0,0.0,3.0,3.0,0.981249999984668,0.6781249999894043,7102.218729496002,118.3703121582667,,0.6007777702714507,13.0
aug_mnist,2560,8.0,0.0,3.0,3.0,0.9723895582280504,0.7003012048157615,26654.76069712639,444.24601161877314,,0.5939719033218069,13.0
aug_mnist,640,9.0,0.0,4.0,1.0,0.671874999989502,0.671874999989502,8100.52293753624,135.008715625604,,0.6580663752453024,20.0
aug_mnist,5120,6.0,0.0,4.0,3.0,0.8780120481883634,0.8780120481883634,76979.47111272812,1282.9911852121354,,0.6164362907397629,16.0
aug_mnist,640,9.0,0.0,4.0,2.0,0.8843749999861816,0.8843749999861816,8734.479936361313,145.57466560602188,,0.6444304335016648,18.0
aug_mnist,5120,7.0,0.0,3.0,2.0,0.9236947791118288,0.6229919678683585,53112.12054514885,885.2020090858142,,0.6338963216530817,13.0
aug_mnist,640,9.0,0.0,4.0,3.0,0.8953124999860107,0.8953124999860107,9418.98449897766,156.98307498296103,,0.6189111375712011,18.0
aug_mnist,5120,7.0,0.0,3.0,1.0,0.9769076305171842,0.6952811244945016,55328.31979894638,922.138663315773,,0.638641467093174,9.0
aug_mnist,2560,8.0,0.0,4.0,1.0,0.6782128514022179,0.6782128514022179,31424.168595075607,523.7361432512602,,0.6547594416115934,15.0
aug_mnist,1280,9.0,0.0,3.0,1.0,0.9648437499924624,0.6749999999947266,10857.173269033432,180.95288781722385,,0.6398980897615032,10.0
aug_mnist,1280,9.0,0.0,3.0,2.0,0.9554687499925356,0.6429687499949769,11059.097378253937,184.3182896375656,,0.6359090715597064,17.0
aug_mnist,1280,9.0,0.0,3.0,3.0,0.9765624999923708,0.6398437499950013,11532.5688829422,192.20948138237,,0.5979231935692806,10.0
aug_mnist,2560,8.0,0.0,4.0,2.0,0.9116465863408052,0.9116465863408052,34608.65225434303,576.8108709057173,,0.6424187153552711,17.0
aug_mnist,20,10.0,0.0,3.0,1.0,0.949999999525,0.5999999997,163.0575933456421,2.7176265557607016,,0.6409080430640979,15.0
aug_mnist,20,10.0,0.0,3.0,2.0,0.5999999997,0.5999999997,165.76427149772644,2.7627378582954405,,0.6460322925198488,4.0
aug_mnist,20,10.0,0.0,3.0,3.0,0.8499999995749999,0.549999999725,166.72989892959595,2.778831648826599,,0.598691560028661,4.0
aug_mnist,20,10.0,0.0,4.0,1.0,0.549999999725,0.549999999725,221.6601910591125,3.694336517651876,,0.6707894745095377,16.0
aug_mnist,20,10.0,0.0,4.0,2.0,0.749999999625,0.749999999625,239.1124131679535,3.9852068861325582,,0.6571859672359898,14.0
aug_mnist,20,10.0,0.0,4.0,3.0,0.749999999625,0.749999999625,253.2711923122406,4.221186538537343,,0.630181062502483,12.0
aug_mnist,40,10.0,0.0,3.0,1.0,0.92499999976875,0.6999999998249999,326.2880470752716,5.4381341179211935,,0.6384957192732068,13.0
aug_mnist,40,10.0,0.0,3.0,2.0,0.8499999997875,0.6499999998375,397.7772250175476,6.629620416959127,,0.6401744292566127,13.0
aug_mnist,40,10.0,0.0,3.0,3.0,0.97499999975625,0.72499999981875,401.6224961280823,6.693708268801371,,0.5989901210360319,13.0
aug_mnist,5120,7.0,0.0,3.0,3.0,0.9487951807181286,0.6797188754985958,60335.45691251755,1005.5909485419592,,0.5953959786880307,13.0
aug_mnist,40,10.0,0.0,4.0,1.0,0.6999999998249999,0.6999999998249999,519.3931548595428,8.656552580992381,,0.6674869082689497,13.0
aug_mnist,2560,8.0,0.0,4.0,3.0,0.832831325297024,0.832831325297024,36669.964314222336,611.1660719037056,,0.6197654724096886,13.0
aug_mnist,40,10.0,0.0,4.0,2.0,0.77499999980625,0.77499999980625,466.5726954936981,7.776211591561635,,0.6632440893184037,18.0
aug_mnist,40,10.0,0.0,4.0,3.0,0.7999999998,0.7999999998,577.7691144943237,9.629485241572064,,0.635759500702228,29.0
aug_mnist,80,10.0,0.0,3.0,1.0,0.94999999988125,0.7124999999109376,662.8428566455841,11.047380944093067,,0.6410109805259527,11.0
aug_mnist,80,10.0,0.0,3.0,2.0,0.5999999999250001,0.624999999921875,654.1613948345184,10.90268991390864,,0.6513276719232839,7.0
aug_mnist,80,10.0,0.0,3.0,3.0,0.94999999988125,0.7499999999062501,799.30109167099,13.321684861183169,,0.6028320764741759,16.0
aug_mnist,80,10.0,0.0,4.0,1.0,0.6749999999156251,0.6749999999156251,910.8869907855988,15.181449846426649,,0.6617611598141304,12.0
aug_mnist,1280,9.0,0.0,4.0,1.0,0.6984374999945435,0.6984374999945435,15918.926912784576,265.3154485464096,,0.6534606087156742,11.0
aug_mnist,80,10.0,0.0,4.0,2.0,0.8499999998937501,0.8499999998937501,935.0328245162964,15.58388040860494,,0.6445803534178863,16.0
aug_mnist,80,10.0,0.0,4.0,3.0,0.7124999999109376,0.7124999999109376,1149.2327489852903,19.153879149754843,,0.6278755145480186,24.0
aug_mnist,1280,9.0,0.0,4.0,2.0,0.9007812499929628,0.9007812499929628,16582.59381866455,276.3765636444092,,0.6422695666501413,11.0
aug_mnist,160,10.0,0.0,3.0,1.0,0.9624999999398436,0.6812499999574219,1340.3831226825714,22.33971871137619,,0.6400297933416892,6.0
aug_mnist,160,10.0,0.0,3.0,3.0,0.9624999999398436,0.718749999955078,1583.5542285442352,26.39257047573725,,0.5991042428834314,14.0
aug_mnist,160,10.0,0.0,3.0,2.0,0.9124999999429688,0.6312499999605469,1676.158573627472,27.93597622712453,,0.6455233972861241,14.0
aug_mnist,160,10.0,0.0,4.0,1.0,0.6937499999566406,0.6937499999566406,2079.667391061783,34.66112318436305,,0.6586338692491872,20.0
aug_mnist,160,10.0,0.0,4.0,2.0,0.9062499999433592,0.9062499999433592,2009.23418712616,33.487236452102664,,0.6454273110224735,7.0
aug_mnist,160,10.0,0.0,4.0,3.0,0.8812499999449218,0.8812499999449218,2092.836673974991,34.880611232916515,,0.6235484265891409,14.0
aug_mnist,1280,9.0,0.0,4.0,3.0,0.9156249999928469,0.9156249999928469,19785.933777809143,329.7655629634857,,0.6153202927064509,38.0
aug_mnist,320,10.0,0.0,3.0,1.0,0.981249999969336,0.6156249999807617,3154.055092573166,52.56758487621944,,0.6378587466279017,20.0
aug_mnist,320,10.0,0.0,3.0,2.0,0.899999999971875,0.6718749999790039,3298.7855484485626,54.97975914080938,,0.6374803834954368,21.0
aug_mnist,5120,7.0,0.0,4.0,1.0,0.666164658631194,0.666164658631194,65924.62467646599,1098.7437446077663,,0.6549386703955257,9.0
aug_mnist,320,10.0,0.0,3.0,3.0,0.9687499999697264,0.6687499999791016,3250.5722489356995,54.17620414892833,,0.5931739556604032,20.0
aug_mnist,320,10.0,0.0,4.0,1.0,0.6843749999786133,0.6843749999786133,3754.320504426956,62.57200840711594,,0.6569964504036632,17.0
aug_mnist,320,10.0,0.0,4.0,2.0,0.8718749999727539,0.8718749999727539,4288.072431564331,71.46787385940551,,0.6430841207303308,16.0
aug_mnist,5120,8.0,0.0,3.0,2.0,0.9487951807181286,0.7063253012012735,46178.08053326607,769.6346755544345,,0.6414597773539413,15.0
aug_mnist,5120,7.0,0.0,4.0,2.0,0.9086345381480492,0.9086345381480492,68755.28386044502,1145.9213976740837,,0.6591694927202701,9.0
aug_mnist,320,10.0,0.0,4.0,3.0,0.709374999977832,0.709374999977832,4185.971279859543,69.76618799765905,,0.633536068181267,7.0
aug_mnist,2560,9.0,0.0,3.0,2.0,0.9372489959792308,0.6415662650570203,23677.793677330017,394.6298946221669,,0.6353904163812614,11.0
aug_mnist,640,10.0,0.0,3.0,3.0,0.9671874999848876,0.709374999988916,5523.171092748642,92.0528515458107,,0.5995291560794613,10.0
aug_mnist,640,10.0,0.0,3.0,1.0,0.9749999999847656,0.6812499999893554,6546.305904626846,109.10509841044744,,0.6387285524506903,14.0
aug_mnist,2560,9.0,0.0,3.0,3.0,0.9799196787099402,0.6711847389524539,24496.276876211166,408.2712812701861,,0.5997915601706918,11.0
aug_mnist,640,10.0,0.0,3.0,2.0,0.9218749999855956,0.637499999990039,6768.993098258972,112.81655163764954,,0.6350339156290012,14.0
aug_mnist,2560,9.0,0.0,3.0,1.0,0.9593373493927744,0.6852409638519817,28277.244945526123,471.2874157587687,,0.6405022925113455,14.0
aug_mnist,640,10.0,0.0,4.0,1.0,0.6609374999896729,0.6609374999896729,8329.832287549973,138.83053812583287,,0.6552720218794479,12.0
aug_mnist,640,10.0,0.0,4.0,2.0,0.8468749999867675,0.8468749999867675,8062.666679143906,134.37777798573177,,0.6431369072098378,14.0
aug_mnist,5120,7.0,0.0,4.0,3.0,0.8910642570236392,0.8910642570236392,74674.7705745697,1244.5795095761616,,0.6167897981393212,33.0
aug_mnist,640,10.0,0.0,4.0,3.0,0.8343749999869629,0.8343749999869629,8963.88127207756,149.39802120129266,,0.6255750745437151,33.0
aug_mnist,5120,8.0,0.0,3.0,1.0,0.9708835341316724,0.67168674698458,54915.54829382896,915.2591382304828,,0.6387877404677312,8.0
aug_mnist,5120,8.0,0.0,3.0,3.0,0.9824297188705702,0.668674698791824,51264.71130156517,854.4118550260862,,0.6086171609151398,8.0
aug_mnist,1280,10.0,0.0,3.0,1.0,0.9796874999923464,0.6882812499946228,11136.453745126724,185.6075624187788,,0.6396913474748227,12.0
aug_mnist,2560,9.0,0.0,4.0,1.0,0.6942771084302497,0.6942771084302497,32450.270835638046,540.8378472606341,,0.6546941727374251,11.0
aug_mnist,1280,10.0,0.0,3.0,2.0,0.9148437499928528,0.7710937499939758,12116.405534744265,201.9400922457377,,0.6381959426353188,18.0
aug_mnist,1280,10.0,0.0,3.0,3.0,0.9859374999922974,0.6578124999948609,12415.353033304214,206.92255055507025,,0.5937556445552217,12.0
aug_mnist,2560,9.0,0.0,4.0,3.0,0.8559236947748197,0.8559236947748197,36854.55226254463,614.2425377090772,,0.6292613124822831,11.0
aug_mnist,2560,9.0,0.0,4.0,2.0,0.8900602409593873,0.8900602409593873,38084.9051322937,634.7484188715617,,0.6426468002771071,13.0
aug_mnist,1280,10.0,0.0,4.0,1.0,0.7062499999944825,0.7062499999944825,17373.6403465271,289.56067244211835,,0.6551342517086345,12.0
aug_mnist,1280,10.0,0.0,4.0,2.0,0.8945312499930116,0.8945312499930116,17070.33004283905,284.5055007139842,,0.6428376764008845,12.0
aug_mnist,1280,10.0,0.0,4.0,3.0,0.875781249993158,0.875781249993158,17443.413103818893,290.7235517303149,,0.63397840439778,18.0
aug_mnist,5120,8.0,0.0,4.0,1.0,0.6516064256995402,0.6516064256995402,64774.73683261871,1079.578947210312,,0.654388068317089,12.0
aug_mnist,2560,10.0,0.0,3.0,1.0,0.9723895582280504,0.6797188754985958,21883.680394887924,364.7280065814654,,0.6401102036212712,17.0
aug_mnist,5120,9.0,0.0,3.0,1.0,0.9523092369430104,0.6872489959804857,44212.0497906208,736.8674965103468,,0.6395161586987402,15.0
aug_mnist,5120,8.0,0.0,4.0,2.0,0.8599397590318276,0.8599397590318276,67568.9978981018,1126.1499649683635,,0.6410170900809166,11.0
aug_mnist,5120,9.0,0.0,3.0,3.0,0.9754016064208064,0.6992971887515096,47273.85437107086,787.897572851181,,0.5986822611081828,15.0
aug_mnist,5120,8.0,0.0,4.0,3.0,0.8835341365417494,0.8835341365417494,71978.01762390137,1199.633627065023,,0.6160330963122733,35.0
aug_mnist,2560,10.0,0.0,3.0,2.0,0.9342369477864748,0.6365461847357603,27442.79088878632,457.3798481464386,,0.6343744045471207,14.0
aug_mnist,5120,9.0,0.0,3.0,2.0,0.9302208835294667,0.6209839357398546,50241.07037234306,837.3511728723844,,0.6338599592434899,17.0
aug_mnist,2560,10.0,0.0,3.0,3.0,0.9583333333285224,0.7028112449763916,27365.16158890724,456.08602648178737,,0.5943535226560265,17.0
aug_mnist,2560,10.0,0.0,4.0,1.0,0.6812248995949738,0.6812248995949738,31014.96295809745,516.9160493016243,,0.6553845244620471,9.0
aug_mnist,2560,10.0,0.0,4.0,2.0,0.8870481927666314,0.8870481927666314,30912.78468060493,515.2130780100822,,0.6426654964660337,9.0
aug_mnist,2560,10.0,0.0,4.0,3.0,0.7871485943735586,0.7871485943735586,34409.106360673904,573.4851060112318,,0.6323370778535937,16.0
aug_mnist,5120,9.0,0.0,4.0,1.0,0.6601405622456821,0.6601405622456821,60050.96772503853,1000.8494620839756,,0.654580438135776,18.0
aug_mnist,5120,9.0,0.0,4.0,2.0,0.8559236947748197,0.8559236947748197,65289.5712518692,1088.1595208644867,,0.6413795447337021,15.0
aug_mnist,5120,10.0,0.0,3.0,3.0,0.9618473895534044,0.6907630522053677,46491.64817023277,774.8608028372129,,0.5946570116269895,17.0
aug_mnist,5120,9.0,0.0,4.0,3.0,0.8634538152567096,0.8634538152567096,69291.27252864838,1154.8545421441395,,0.6227442318188903,22.0
aug_mnist,5120,10.0,0.0,3.0,1.0,0.9743975903565544,0.6892570281089897,50782.42448234558,846.3737413724264,,0.6394465363013175,17.0
aug_mnist,5120,10.0,0.0,3.0,2.0,0.9352409638507267,0.746485943771353,51504.10730481148,858.4017884135246,,0.636280379890153,17.0
aug_mnist,5120,10.0,0.0,4.0,1.0,0.662148594374186,0.662148594374186,58884.79293704033,981.4132156173388,,0.6554419952618196,17.0
aug_mnist,5120,10.0,0.0,4.0,2.0,0.8524096385499378,0.8524096385499378,63381.57914423943,1056.3596524039904,,0.6416894942509517,12.0
aug_mnist,5120,10.0,0.0,4.0,3.0,0.8142570281083622,0.8142570281083622,66263.4767446518,1104.3912790775298,,0.6285834729659202,14.0
